id,時間,分類,檔名,完整路徑,trigger
20260420040200368536,2026-04-20 04:02:00,業績報表,df4.csv,./dashboard_data/latest/df4.csv,schedule
20260420040200369996,2026-04-20 04:02:00,業績報表,daily_df.csv,./dashboard_data/latest/daily_df.csv,schedule
20260420040200372281,2026-04-20 04:02:00,業績報表,email_preview.html,./dashboard_data/latest/email_preview.html,schedule
20260420040200374503,2026-04-20 04:02:00,業績報表,meta.json,./dashboard_data/latest/meta.json,schedule
20260420040200377076,2026-04-20 04:02:00,業績報表,20260420_040200_df4.csv,./dashboard_data/snapshots/202604/20260420_040200_df4.csv,schedule
20260420040200379543,2026-04-20 04:02:00,業績報表,20260420_040200_daily_df.csv,./dashboard_data/snapshots/202604/20260420_040200_daily_df.csv,schedule
20260420040200381621,2026-04-20 04:02:00,業績報表,20260420_040200_meta.json,./dashboard_data/snapshots/202604/20260420_040200_meta.json,schedule
20260420040200383704,2026-04-20 04:02:00,業績報表,20260420_040200_email_preview.html,./dashboard_data/snapshots/202604/20260420_040200_email_preview.html,schedule
20260420040705800267,2026-04-20 04:07:05,業績報表,df4.csv,./dashboard_data/latest/df4.csv,schedule
20260420040705803311,2026-04-20 04:07:05,業績報表,daily_df.csv,./dashboard_data/latest/daily_df.csv,schedule
20260420040705805778,2026-04-20 04:07:05,業績報表,email_preview.html,./dashboard_data/latest/email_preview.html,schedule
20260420040705808286,2026-04-20 04:07:05,業績報表,meta.json,./dashboard_data/latest/meta.json,schedule
20260420040705811161,2026-04-20 04:07:05,業績報表,20260420_040705_df4.csv,./dashboard_data/snapshots/202604/20260420_040705_df4.csv,schedule
20260420040705814020,2026-04-20 04:07:05,業績報表,20260420_040705_daily_df.csv,./dashboard_data/snapshots/202604/20260420_040705_daily_df.csv,schedule
20260420040705816416,2026-04-20 04:07:05,業績報表,20260420_040705_meta.json,./dashboard_data/snapshots/202604/20260420_040705_meta.json,schedule
20260420040705818867,2026-04-20 04:07:05,業績報表,20260420_040705_email_preview.html,./dashboard_data/snapshots/202604/20260420_040705_email_preview.html,schedule
20260420041135246755,2026-04-20 04:11:35,業績報表,df4.csv,./dashboard_data/latest/df4.csv,schedule
20260420041135249641,2026-04-20 04:11:35,業績報表,daily_df.csv,./dashboard_data/latest/daily_df.csv,schedule
20260420041135251948,2026-04-20 04:11:35,業績報表,email_preview.html,./dashboard_data/latest/email_preview.html,schedule
20260420041135254299,2026-04-20 04:11:35,業績報表,meta.json,./dashboard_data/latest/meta.json,schedule
20260420041135257024,2026-04-20 04:11:35,業績報表,20260420_041135_df4.csv,./dashboard_data/snapshots/202604/20260420_041135_df4.csv,schedule
20260420041135259685,2026-04-20 04:11:35,業績報表,20260420_041135_daily_df.csv,./dashboard_data/snapshots/202604/20260420_041135_daily_df.csv,schedule
20260420041135261963,2026-04-20 04:11:35,業績報表,20260420_041135_meta.json,./dashboard_data/snapshots/202604/20260420_041135_meta.json,schedule
20260420041135264254,2026-04-20 04:11:35,業績報表,20260420_041135_email_preview.html,./dashboard_data/snapshots/202604/20260420_041135_email_preview.html,schedule
20260420042427637859,2026-04-20 04:24:27,業績報表,df4.csv,./dashboard_data/latest/df4.csv,schedule
20260420042427641122,2026-04-20 04:24:27,業績報表,daily_df.csv,./dashboard_data/latest/daily_df.csv,schedule
20260420042427643742,2026-04-20 04:24:27,業績報表,email_preview.html,./dashboard_data/latest/email_preview.html,schedule
20260420042427646403,2026-04-20 04:24:27,業績報表,meta.json,./dashboard_data/latest/meta.json,schedule
20260420042427649398,2026-04-20 04:24:27,業績報表,20260420_042427_df4.csv,./dashboard_data/snapshots/202604/20260420_042427_df4.csv,schedule
20260420042427652380,2026-04-20 04:24:27,業績報表,20260420_042427_daily_df.csv,./dashboard_data/snapshots/202604/20260420_042427_daily_df.csv,schedule
20260420042427654893,2026-04-20 04:24:27,業績報表,20260420_042427_meta.json,./dashboard_data/snapshots/202604/20260420_042427_meta.json,schedule
20260420042427657446,2026-04-20 04:24:27,業績報表,20260420_042427_email_preview.html,./dashboard_data/snapshots/202604/20260420_042427_email_preview.html,schedule
20260420043225766409,2026-04-20 04:32:25,業績報表,df4.csv,./dashboard_data/latest/df4.csv,schedule
20260420043225769704,2026-04-20 04:32:25,業績報表,daily_df.csv,./dashboard_data/latest/daily_df.csv,schedule
20260420043225772321,2026-04-20 04:32:25,業績報表,email_preview.html,./dashboard_data/latest/email_preview.html,schedule
20260420043225775018,2026-04-20 04:32:25,業績報表,meta.json,./dashboard_data/latest/meta.json,schedule
20260420043225778039,2026-04-20 04:32:25,業績報表,20260420_043225_df4.csv,./dashboard_data/snapshots/202604/20260420_043225_df4.csv,schedule
20260420043225781056,2026-04-20 04:32:25,業績報表,20260420_043225_daily_df.csv,./dashboard_data/snapshots/202604/20260420_043225_daily_df.csv,schedule
20260420043225783626,2026-04-20 04:32:25,業績報表,20260420_043225_meta.json,./dashboard_data/snapshots/202604/20260420_043225_meta.json,schedule
20260420043225786241,2026-04-20 04:32:25,業績報表,20260420_043225_email_preview.html,./dashboard_data/snapshots/202604/20260420_043225_email_preview.html,schedule
20260420043452050222,2026-04-20 04:34:52,業績報表,df4.csv,./dashboard_data/latest/df4.csv,schedule
20260420043452053353,2026-04-20 04:34:52,業績報表,daily_df.csv,./dashboard_data/latest/daily_df.csv,schedule
20260420043452055764,2026-04-20 04:34:52,業績報表,email_preview.html,./dashboard_data/latest/email_preview.html,schedule
20260420043452058168,2026-04-20 04:34:52,業績報表,meta.json,./dashboard_data/latest/meta.json,schedule
20260420043452060986,2026-04-20 04:34:52,業績報表,20260420_043452_df4.csv,./dashboard_data/snapshots/202604/20260420_043452_df4.csv,schedule
20260420043452063823,2026-04-20 04:34:52,業績報表,20260420_043452_daily_df.csv,./dashboard_data/snapshots/202604/20260420_043452_daily_df.csv,schedule
20260420043452066114,2026-04-20 04:34:52,業績報表,20260420_043452_meta.json,./dashboard_data/snapshots/202604/20260420_043452_meta.json,schedule
20260420043452068413,2026-04-20 04:34:52,業績報表,20260420_043452_email_preview.html,./dashboard_data/snapshots/202604/20260420_043452_email_preview.html,schedule
20260420153044119811,2026-04-20 15:30:44,業績報表,df4.csv,./dashboard_data/latest/df4.csv,schedule
20260420153044123203,2026-04-20 15:30:44,業績報表,daily_df.csv,./dashboard_data/latest/daily_df.csv,schedule
20260420153044126018,2026-04-20 15:30:44,業績報表,email_preview.html,./dashboard_data/latest/email_preview.html,schedule
20260420153044128857,2026-04-20 15:30:44,業績報表,meta.json,./dashboard_data/latest/meta.json,schedule
20260420153044132049,2026-04-20 15:30:44,業績報表,20260420_153044_df4.csv,./dashboard_data/snapshots/202604/20260420_153044_df4.csv,schedule
20260420153044135202,2026-04-20 15:30:44,業績報表,20260420_153044_daily_df.csv,./dashboard_data/snapshots/202604/20260420_153044_daily_df.csv,schedule
20260420153044137925,2026-04-20 15:30:44,業績報表,20260420_153044_meta.json,./dashboard_data/snapshots/202604/20260420_153044_meta.json,schedule
20260420153044140657,2026-04-20 15:30:44,業績報表,20260420_153044_email_preview.html,./dashboard_data/snapshots/202604/20260420_153044_email_preview.html,schedule
20260420230718227887,2026-04-20 23:07:18,業績報表,df4.csv,./dashboard_data/latest/df4.csv,schedule
20260420230718231557,2026-04-20 23:07:18,業績報表,daily_df.csv,./dashboard_data/latest/daily_df.csv,schedule
20260420230718234363,2026-04-20 23:07:18,業績報表,email_preview.html,./dashboard_data/latest/email_preview.html,schedule
20260420230718237306,2026-04-20 23:07:18,業績報表,meta.json,./dashboard_data/latest/meta.json,schedule
20260420230718240671,2026-04-20 23:07:18,業績報表,20260420_230718_df4.csv,./dashboard_data/snapshots/202604/20260420_230718_df4.csv,schedule
20260420230718243933,2026-04-20 23:07:18,業績報表,20260420_230718_daily_df.csv,./dashboard_data/snapshots/202604/20260420_230718_daily_df.csv,schedule
20260420230718246659,2026-04-20 23:07:18,業績報表,20260420_230718_meta.json,./dashboard_data/snapshots/202604/20260420_230718_meta.json,schedule
20260420230718249796,2026-04-20 23:07:18,業績報表,20260420_230718_email_preview.html,./dashboard_data/snapshots/202604/20260420_230718_email_preview.html,schedule
20260421034944042226,2026-04-21 03:49:44,業績報表,df4.csv,./dashboard_data/latest/df4.csv,schedule
20260421034944045410,2026-04-21 03:49:44,業績報表,daily_df.csv,./dashboard_data/latest/daily_df.csv,schedule
20260421034944047871,2026-04-21 03:49:44,業績報表,email_preview.html,./dashboard_data/latest/email_preview.html,schedule
20260421034944050377,2026-04-21 03:49:44,業績報表,meta.json,./dashboard_data/latest/meta.json,schedule
20260421034944053218,2026-04-21 03:49:44,業績報表,20260421_034944_df4.csv,./dashboard_data/snapshots/202604/20260421_034944_df4.csv,schedule
20260421034944056070,2026-04-21 03:49:44,業績報表,20260421_034944_daily_df.csv,./dashboard_data/snapshots/202604/20260421_034944_daily_df.csv,schedule
20260421034944058458,2026-04-21 03:49:44,業績報表,20260421_034944_meta.json,./dashboard_data/snapshots/202604/20260421_034944_meta.json,schedule
20260421034944060858,2026-04-21 03:49:44,業績報表,20260421_034944_email_preview.html,./dashboard_data/snapshots/202604/20260421_034944_email_preview.html,schedule
20260421142547664877,2026-04-21 14:25:47,業績報表,df4.csv,./dashboard_data/latest/df4.csv,schedule
20260421142547667385,2026-04-21 14:25:47,業績報表,daily_df.csv,./dashboard_data/latest/daily_df.csv,schedule
20260421142547669381,2026-04-21 14:25:47,業績報表,email_preview.html,./dashboard_data/latest/email_preview.html,schedule
20260421142547671361,2026-04-21 14:25:47,業績報表,meta.json,./dashboard_data/latest/meta.json,schedule
20260421142547673601,2026-04-21 14:25:47,業績報表,20260421_142547_df4.csv,./dashboard_data/snapshots/202604/20260421_142547_df4.csv,schedule
20260421142547675878,2026-04-21 14:25:47,業績報表,20260421_142547_daily_df.csv,./dashboard_data/snapshots/202604/20260421_142547_daily_df.csv,schedule
20260421142547677796,2026-04-21 14:25:47,業績報表,20260421_142547_meta.json,./dashboard_data/snapshots/202604/20260421_142547_meta.json,schedule
20260421142547679731,2026-04-21 14:25:47,業績報表,20260421_142547_email_preview.html,./dashboard_data/snapshots/202604/20260421_142547_email_preview.html,schedule
20260421230140167179,2026-04-21 23:01:40,業績報表,df4.csv,./dashboard_data/latest/df4.csv,schedule
20260421230140170901,2026-04-21 23:01:40,業績報表,daily_df.csv,./dashboard_data/latest/daily_df.csv,schedule
20260421230140173591,2026-04-21 23:01:40,業績報表,email_preview.html,./dashboard_data/latest/email_preview.html,schedule
20260421230140176357,2026-04-21 23:01:40,業績報表,meta.json,./dashboard_data/latest/meta.json,schedule
20260421230140179520,2026-04-21 23:01:40,業績報表,20260421_230140_df4.csv,./dashboard_data/snapshots/202604/20260421_230140_df4.csv,schedule
20260421230140182622,2026-04-21 23:01:40,業績報表,20260421_230140_daily_df.csv,./dashboard_data/snapshots/202604/20260421_230140_daily_df.csv,schedule
20260421230140185220,2026-04-21 23:01:40,業績報表,20260421_230140_meta.json,./dashboard_data/snapshots/202604/20260421_230140_meta.json,schedule
20260421230140187864,2026-04-21 23:01:40,業績報表,20260421_230140_email_preview.html,./dashboard_data/snapshots/202604/20260421_230140_email_preview.html,schedule
20260422041222974487,2026-04-22 04:12:22,業績報表,df4.csv,./dashboard_data/latest/df4.csv,schedule
20260422041222977932,2026-04-22 04:12:22,業績報表,daily_df.csv,./dashboard_data/latest/daily_df.csv,schedule
20260422041222980603,2026-04-22 04:12:22,業績報表,email_preview.html,./dashboard_data/latest/email_preview.html,schedule
20260422041222983282,2026-04-22 04:12:22,業績報表,meta.json,./dashboard_data/latest/meta.json,schedule
20260422041222986446,2026-04-22 04:12:22,業績報表,20260422_041222_df4.csv,./dashboard_data/snapshots/202604/20260422_041222_df4.csv,schedule
20260422041222989498,2026-04-22 04:12:22,業績報表,20260422_041222_daily_df.csv,./dashboard_data/snapshots/202604/20260422_041222_daily_df.csv,schedule
20260422041222992102,2026-04-22 04:12:22,業績報表,20260422_041222_meta.json,./dashboard_data/snapshots/202604/20260422_041222_meta.json,schedule
20260422041222994813,2026-04-22 04:12:22,業績報表,20260422_041222_email_preview.html,./dashboard_data/snapshots/202604/20260422_041222_email_preview.html,schedule
20260422142610400079,2026-04-22 14:26:10,業績報表,df4.csv,./dashboard_data/latest/df4.csv,schedule
20260422142610402973,2026-04-22 14:26:10,業績報表,daily_df.csv,./dashboard_data/latest/daily_df.csv,schedule
20260422142610405180,2026-04-22 14:26:10,業績報表,email_preview.html,./dashboard_data/latest/email_preview.html,schedule
20260422142610407431,2026-04-22 14:26:10,業績報表,meta.json,./dashboard_data/latest/meta.json,schedule
20260422142610410016,2026-04-22 14:26:10,業績報表,20260422_142610_df4.csv,./dashboard_data/snapshots/202604/20260422_142610_df4.csv,schedule
20260422142610412550,2026-04-22 14:26:10,業績報表,20260422_142610_daily_df.csv,./dashboard_data/snapshots/202604/20260422_142610_daily_df.csv,schedule
20260422142610414606,2026-04-22 14:26:10,業績報表,20260422_142610_meta.json,./dashboard_data/snapshots/202604/20260422_142610_meta.json,schedule
20260422142610416694,2026-04-22 14:26:10,業績報表,20260422_142610_email_preview.html,./dashboard_data/snapshots/202604/20260422_142610_email_preview.html,schedule
20260422230128605388,2026-04-22 23:01:28,業績報表,df4.csv,./dashboard_data/latest/df4.csv,schedule
20260422230128609019,2026-04-22 23:01:28,業績報表,daily_df.csv,./dashboard_data/latest/daily_df.csv,schedule
20260422230128611773,2026-04-22 23:01:28,業績報表,email_preview.html,./dashboard_data/latest/email_preview.html,schedule
20260422230128614612,2026-04-22 23:01:28,業績報表,meta.json,./dashboard_data/latest/meta.json,schedule
20260422230128617755,2026-04-22 23:01:28,業績報表,20260422_230128_df4.csv,./dashboard_data/snapshots/202604/20260422_230128_df4.csv,schedule
20260422230128620999,2026-04-22 23:01:28,業績報表,20260422_230128_daily_df.csv,./dashboard_data/snapshots/202604/20260422_230128_daily_df.csv,schedule
20260422230128623648,2026-04-22 23:01:28,業績報表,20260422_230128_meta.json,./dashboard_data/snapshots/202604/20260422_230128_meta.json,schedule
20260422230128626349,2026-04-22 23:01:28,業績報表,20260422_230128_email_preview.html,./dashboard_data/snapshots/202604/20260422_230128_email_preview.html,schedule
20260423041349064015,2026-04-23 04:13:49,業績報表,df4.csv,./dashboard_data/latest/df4.csv,schedule
20260423041349067848,2026-04-23 04:13:49,業績報表,daily_df.csv,./dashboard_data/latest/daily_df.csv,schedule
20260423041349070816,2026-04-23 04:13:49,業績報表,email_preview.html,./dashboard_data/latest/email_preview.html,schedule
20260423041349073849,2026-04-23 04:13:49,業績報表,meta.json,./dashboard_data/latest/meta.json,schedule
20260423041349077249,2026-04-23 04:13:49,業績報表,20260423_041349_df4.csv,./dashboard_data/snapshots/202604/20260423_041349_df4.csv,schedule
20260423041349080682,2026-04-23 04:13:49,業績報表,20260423_041349_daily_df.csv,./dashboard_data/snapshots/202604/20260423_041349_daily_df.csv,schedule
20260423041349083612,2026-04-23 04:13:49,業績報表,20260423_041349_meta.json,./dashboard_data/snapshots/202604/20260423_041349_meta.json,schedule
20260423041349086563,2026-04-23 04:13:49,業績報表,20260423_041349_email_preview.html,./dashboard_data/snapshots/202604/20260423_041349_email_preview.html,schedule
20260423142950323545,2026-04-23 14:29:50,業績報表,df4.csv,./dashboard_data/latest/df4.csv,schedule
20260423142950327698,2026-04-23 14:29:50,業績報表,daily_df.csv,./dashboard_data/latest/daily_df.csv,schedule
20260423142950331251,2026-04-23 14:29:50,業績報表,email_preview.html,./dashboard_data/latest/email_preview.html,schedule
20260423142950334678,2026-04-23 14:29:50,業績報表,meta.json,./dashboard_data/latest/meta.json,schedule
20260423142950338539,2026-04-23 14:29:50,業績報表,20260423_142950_df4.csv,./dashboard_data/snapshots/202604/20260423_142950_df4.csv,schedule
20260423142950342272,2026-04-23 14:29:50,業績報表,20260423_142950_daily_df.csv,./dashboard_data/snapshots/202604/20260423_142950_daily_df.csv,schedule
20260423142950345212,2026-04-23 14:29:50,業績報表,20260423_142950_meta.json,./dashboard_data/snapshots/202604/20260423_142950_meta.json,schedule
20260423142950348086,2026-04-23 14:29:50,業績報表,20260423_142950_email_preview.html,./dashboard_data/snapshots/202604/20260423_142950_email_preview.html,schedule
20260424002132394405,2026-04-24 00:21:32,業績報表,df4.csv,./dashboard_data/latest/df4.csv,schedule
20260424002132398025,2026-04-24 00:21:32,業績報表,daily_df.csv,./dashboard_data/latest/daily_df.csv,schedule
20260424002132400879,2026-04-24 00:21:32,業績報表,email_preview.html,./dashboard_data/latest/email_preview.html,schedule
20260424002132403796,2026-04-24 00:21:32,業績報表,meta.json,./dashboard_data/latest/meta.json,schedule
20260424002132407130,2026-04-24 00:21:32,業績報表,20260424_002132_df4.csv,./dashboard_data/snapshots/202604/20260424_002132_df4.csv,schedule
20260424002132410477,2026-04-24 00:21:32,業績報表,20260424_002132_daily_df.csv,./dashboard_data/snapshots/202604/20260424_002132_daily_df.csv,schedule
20260424002132413252,2026-04-24 00:21:32,業績報表,20260424_002132_meta.json,./dashboard_data/snapshots/202604/20260424_002132_meta.json,schedule
20260424002132416098,2026-04-24 00:21:32,業績報表,20260424_002132_email_preview.html,./dashboard_data/snapshots/202604/20260424_002132_email_preview.html,schedule
20260424041203386433,2026-04-24 04:12:03,業績報表,df4.csv,./dashboard_data/latest/df4.csv,schedule
20260424041203390752,2026-04-24 04:12:03,業績報表,daily_df.csv,./dashboard_data/latest/daily_df.csv,schedule
20260424041203394101,2026-04-24 04:12:03,業績報表,email_preview.html,./dashboard_data/latest/email_preview.html,schedule
20260424041203397379,2026-04-24 04:12:03,業績報表,meta.json,./dashboard_data/latest/meta.json,schedule
20260424041203401126,2026-04-24 04:12:03,業績報表,20260424_041203_df4.csv,./dashboard_data/snapshots/202604/20260424_041203_df4.csv,schedule
20260424041203404918,2026-04-24 04:12:03,業績報表,20260424_041203_daily_df.csv,./dashboard_data/snapshots/202604/20260424_041203_daily_df.csv,schedule
20260424041203408263,2026-04-24 04:12:03,業績報表,20260424_041203_meta.json,./dashboard_data/snapshots/202604/20260424_041203_meta.json,schedule
20260424041203411450,2026-04-24 04:12:03,業績報表,20260424_041203_email_preview.html,./dashboard_data/snapshots/202604/20260424_041203_email_preview.html,schedule
20260424143227281422,2026-04-24 14:32:27,業績報表,df4.csv,./dashboard_data/latest/df4.csv,schedule
20260424143227284612,2026-04-24 14:32:27,業績報表,daily_df.csv,./dashboard_data/latest/daily_df.csv,schedule
20260424143227287007,2026-04-24 14:32:27,業績報表,email_preview.html,./dashboard_data/latest/email_preview.html,schedule
20260424143227289469,2026-04-24 14:32:27,業績報表,meta.json,./dashboard_data/latest/meta.json,schedule
20260424143227292090,2026-04-24 14:32:27,業績報表,20260424_143227_df4.csv,./dashboard_data/snapshots/202604/20260424_143227_df4.csv,schedule
20260424143227294741,2026-04-24 14:32:27,業績報表,20260424_143227_daily_df.csv,./dashboard_data/snapshots/202604/20260424_143227_daily_df.csv,schedule
20260424143227297018,2026-04-24 14:32:27,業績報表,20260424_143227_meta.json,./dashboard_data/snapshots/202604/20260424_143227_meta.json,schedule
20260424143227299270,2026-04-24 14:32:27,業績報表,20260424_143227_email_preview.html,./dashboard_data/snapshots/202604/20260424_143227_email_preview.html,schedule
20260424225756570875,2026-04-24 22:57:56,業績報表,df4.csv,./dashboard_data/latest/df4.csv,schedule
20260424225756574818,2026-04-24 22:57:56,業績報表,daily_df.csv,./dashboard_data/latest/daily_df.csv,schedule
20260424225756577768,2026-04-24 22:57:56,業績報表,email_preview.html,./dashboard_data/latest/email_preview.html,schedule
20260424225756580726,2026-04-24 22:57:56,業績報表,meta.json,./dashboard_data/latest/meta.json,schedule
20260424225756584019,2026-04-24 22:57:56,業績報表,20260424_225756_df4.csv,./dashboard_data/snapshots/202604/20260424_225756_df4.csv,schedule
20260424225756587433,2026-04-24 22:57:56,業績報表,20260424_225756_daily_df.csv,./dashboard_data/snapshots/202604/20260424_225756_daily_df.csv,schedule
20260424225756590280,2026-04-24 22:57:56,業績報表,20260424_225756_meta.json,./dashboard_data/snapshots/202604/20260424_225756_meta.json,schedule
20260424225756593073,2026-04-24 22:57:56,業績報表,20260424_225756_email_preview.html,./dashboard_data/snapshots/202604/20260424_225756_email_preview.html,schedule
20260425021008045471,2026-04-25 02:10:08,業績報表,df4.csv,./dashboard_data/latest/df4.csv,schedule
20260425021008049305,2026-04-25 02:10:08,業績報表,daily_df.csv,./dashboard_data/latest/daily_df.csv,schedule
20260425021008052276,2026-04-25 02:10:08,業績報表,email_preview.html,./dashboard_data/latest/email_preview.html,schedule
20260425021008055288,2026-04-25 02:10:08,業績報表,meta.json,./dashboard_data/latest/meta.json,schedule
20260425021008058694,2026-04-25 02:10:08,業績報表,20260425_021008_df4.csv,./dashboard_data/snapshots/202604/20260425_021008_df4.csv,schedule
20260425021008062199,2026-04-25 02:10:08,業績報表,20260425_021008_daily_df.csv,./dashboard_data/snapshots/202604/20260425_021008_daily_df.csv,schedule
20260425021008065124,2026-04-25 02:10:08,業績報表,20260425_021008_meta.json,./dashboard_data/snapshots/202604/20260425_021008_meta.json,schedule
20260425021008068053,2026-04-25 02:10:08,業績報表,20260425_021008_email_preview.html,./dashboard_data/snapshots/202604/20260425_021008_email_preview.html,schedule
20260425140905979627,2026-04-25 14:09:05,業績報表,df4.csv,./dashboard_data/latest/df4.csv,schedule
20260425140905983452,2026-04-25 14:09:05,業績報表,daily_df.csv,./dashboard_data/latest/daily_df.csv,schedule
20260425140905986469,2026-04-25 14:09:05,業績報表,email_preview.html,./dashboard_data/latest/email_preview.html,schedule
20260425140905989595,2026-04-25 14:09:05,業績報表,meta.json,./dashboard_data/latest/meta.json,schedule
20260425140905992993,2026-04-25 14:09:05,業績報表,20260425_140905_df4.csv,./dashboard_data/snapshots/202604/20260425_140905_df4.csv,schedule
20260425140905996527,2026-04-25 14:09:05,業績報表,20260425_140905_daily_df.csv,./dashboard_data/snapshots/202604/20260425_140905_daily_df.csv,schedule
20260425140905999488,2026-04-25 14:09:05,業績報表,20260425_140905_meta.json,./dashboard_data/snapshots/202604/20260425_140905_meta.json,schedule
20260425140906002502,2026-04-25 14:09:06,業績報表,20260425_140905_email_preview.html,./dashboard_data/snapshots/202604/20260425_140905_email_preview.html,schedule
20260425195919865675,2026-04-25 19:59:19,業績報表,df4.csv,./dashboard_data/latest/df4.csv,schedule
20260425195919869920,2026-04-25 19:59:19,業績報表,daily_df.csv,./dashboard_data/latest/daily_df.csv,schedule
20260425195919872989,2026-04-25 19:59:19,業績報表,email_preview.html,./dashboard_data/latest/email_preview.html,schedule
20260425195919876091,2026-04-25 19:59:19,業績報表,meta.json,./dashboard_data/latest/meta.json,schedule
20260425195919879551,2026-04-25 19:59:19,業績報表,20260425_195919_df4.csv,./dashboard_data/snapshots/202604/20260425_195919_df4.csv,schedule
20260425195919883079,2026-04-25 19:59:19,業績報表,20260425_195919_daily_df.csv,./dashboard_data/snapshots/202604/20260425_195919_daily_df.csv,schedule
20260425195919886041,2026-04-25 19:59:19,業績報表,20260425_195919_meta.json,./dashboard_data/snapshots/202604/20260425_195919_meta.json,schedule
20260425195919888999,2026-04-25 19:59:19,業績報表,20260425_195919_email_preview.html,./dashboard_data/snapshots/202604/20260425_195919_email_preview.html,schedule
20260426020810431972,2026-04-26 02:08:10,業績報表,df4.csv,./dashboard_data/latest/df4.csv,schedule
20260426020810436379,2026-04-26 02:08:10,業績報表,daily_df.csv,./dashboard_data/latest/daily_df.csv,schedule
20260426020810439836,2026-04-26 02:08:10,業績報表,email_preview.html,./dashboard_data/latest/email_preview.html,schedule
20260426020810443320,2026-04-26 02:08:10,業績報表,meta.json,./dashboard_data/latest/meta.json,schedule
20260426020810447203,2026-04-26 02:08:10,業績報表,20260426_020810_df4.csv,./dashboard_data/snapshots/202604/20260426_020810_df4.csv,schedule
20260426020810451229,2026-04-26 02:08:10,業績報表,20260426_020810_daily_df.csv,./dashboard_data/snapshots/202604/20260426_020810_daily_df.csv,schedule
20260426020810454615,2026-04-26 02:08:10,業績報表,20260426_020810_meta.json,./dashboard_data/snapshots/202604/20260426_020810_meta.json,schedule
20260426020810458032,2026-04-26 02:08:10,業績報表,20260426_020810_email_preview.html,./dashboard_data/snapshots/202604/20260426_020810_email_preview.html,schedule
20260426143158233701,2026-04-26 14:31:58,業績報表,df4.csv,./dashboard_data/latest/df4.csv,schedule
20260426143158237735,2026-04-26 14:31:58,業績報表,daily_df.csv,./dashboard_data/latest/daily_df.csv,schedule
20260426143158240917,2026-04-26 14:31:58,業績報表,email_preview.html,./dashboard_data/latest/email_preview.html,schedule
20260426143158244131,2026-04-26 14:31:58,業績報表,meta.json,./dashboard_data/latest/meta.json,schedule
20260426143158247688,2026-04-26 14:31:58,業績報表,20260426_143158_df4.csv,./dashboard_data/snapshots/202604/20260426_143158_df4.csv,schedule
20260426143158251406,2026-04-26 14:31:58,業績報表,20260426_143158_daily_df.csv,./dashboard_data/snapshots/202604/20260426_143158_daily_df.csv,schedule
20260426143158254580,2026-04-26 14:31:58,業績報表,20260426_143158_meta.json,./dashboard_data/snapshots/202604/20260426_143158_meta.json,schedule
20260426143158257727,2026-04-26 14:31:58,業績報表,20260426_143158_email_preview.html,./dashboard_data/snapshots/202604/20260426_143158_email_preview.html,schedule
20260426200601438732,2026-04-26 20:06:01,業績報表,df4.csv,./dashboard_data/latest/df4.csv,schedule
20260426200601610007,2026-04-26 20:06:01,業績報表,daily_df.csv,./dashboard_data/latest/daily_df.csv,schedule
20260426200601639349,2026-04-26 20:06:01,業績報表,email_preview.html,./dashboard_data/latest/email_preview.html,schedule
20260426200601669969,2026-04-26 20:06:01,業績報表,meta.json,./dashboard_data/latest/meta.json,schedule
20260426200601790009,2026-04-26 20:06:01,業績報表,20260426_200601_df4.csv,./dashboard_data/snapshots/202604/20260426_200601_df4.csv,schedule
20260426200601809861,2026-04-26 20:06:01,業績報表,20260426_200601_daily_df.csv,./dashboard_data/snapshots/202604/20260426_200601_daily_df.csv,schedule
20260426200601822211,2026-04-26 20:06:01,業績報表,20260426_200601_meta.json,./dashboard_data/snapshots/202604/20260426_200601_meta.json,schedule
20260426200601839166,2026-04-26 20:06:01,業績報表,20260426_200601_email_preview.html,./dashboard_data/snapshots/202604/20260426_200601_email_preview.html,schedule
20260427020903071174,2026-04-27 02:09:03,業績報表,df4.csv,./dashboard_data/latest/df4.csv,schedule
20260427020903075502,2026-04-27 02:09:03,業績報表,daily_df.csv,./dashboard_data/latest/daily_df.csv,schedule
20260427020903078728,2026-04-27 02:09:03,業績報表,email_preview.html,./dashboard_data/latest/email_preview.html,schedule
20260427020903082259,2026-04-27 02:09:03,業績報表,meta.json,./dashboard_data/latest/meta.json,schedule
20260427020903085901,2026-04-27 02:09:03,業績報表,20260427_020903_df4.csv,./dashboard_data/snapshots/202604/20260427_020903_df4.csv,schedule
20260427020903089951,2026-04-27 02:09:03,業績報表,20260427_020903_daily_df.csv,./dashboard_data/snapshots/202604/20260427_020903_daily_df.csv,schedule
20260427020903093387,2026-04-27 02:09:03,業績報表,20260427_020903_meta.json,./dashboard_data/snapshots/202604/20260427_020903_meta.json,schedule
20260427020903096844,2026-04-27 02:09:03,業績報表,20260427_020903_email_preview.html,./dashboard_data/snapshots/202604/20260427_020903_email_preview.html,schedule
20260427171128506006,2026-04-27 17:11:28,業績報表,df4.csv,./dashboard_data/latest/df4.csv,schedule
20260427171128509334,2026-04-27 17:11:28,業績報表,daily_df.csv,./dashboard_data/latest/daily_df.csv,schedule
20260427171128511894,2026-04-27 17:11:28,業績報表,email_preview.html,./dashboard_data/latest/email_preview.html,schedule
20260427171128514482,2026-04-27 17:11:28,業績報表,meta.json,./dashboard_data/latest/meta.json,schedule
20260427171128517377,2026-04-27 17:11:28,業績報表,20260427_171128_df4.csv,./dashboard_data/snapshots/202604/20260427_171128_df4.csv,schedule
20260427171128520425,2026-04-27 17:11:28,業績報表,20260427_171128_daily_df.csv,./dashboard_data/snapshots/202604/20260427_171128_daily_df.csv,schedule
20260427171128522883,2026-04-27 17:11:28,業績報表,20260427_171128_meta.json,./dashboard_data/snapshots/202604/20260427_171128_meta.json,schedule
20260427171128525418,2026-04-27 17:11:28,業績報表,20260427_171128_email_preview.html,./dashboard_data/snapshots/202604/20260427_171128_email_preview.html,schedule
20260428001228285655,2026-04-28 00:12:28,業績報表,df4.csv,./dashboard_data/latest/df4.csv,schedule
20260428001228289092,2026-04-28 00:12:28,業績報表,daily_df.csv,./dashboard_data/latest/daily_df.csv,schedule
20260428001228291668,2026-04-28 00:12:28,業績報表,email_preview.html,./dashboard_data/latest/email_preview.html,schedule
20260428001228294239,2026-04-28 00:12:28,業績報表,meta.json,./dashboard_data/latest/meta.json,schedule
20260428001228297111,2026-04-28 00:12:28,業績報表,20260428_001228_df4.csv,./dashboard_data/snapshots/202604/20260428_001228_df4.csv,schedule
20260428001228300093,2026-04-28 00:12:28,業績報表,20260428_001228_daily_df.csv,./dashboard_data/snapshots/202604/20260428_001228_daily_df.csv,schedule
20260428001228302604,2026-04-28 00:12:28,業績報表,20260428_001228_meta.json,./dashboard_data/snapshots/202604/20260428_001228_meta.json,schedule
20260428001228305122,2026-04-28 00:12:28,業績報表,20260428_001228_email_preview.html,./dashboard_data/snapshots/202604/20260428_001228_email_preview.html,schedule
20260428041911209479,2026-04-28 04:19:11,業績報表,df4.csv,./dashboard_data/latest/df4.csv,schedule
20260428041911213986,2026-04-28 04:19:11,業績報表,daily_df.csv,./dashboard_data/latest/daily_df.csv,schedule
20260428041911217494,2026-04-28 04:19:11,業績報表,email_preview.html,./dashboard_data/latest/email_preview.html,schedule
20260428041911221091,2026-04-28 04:19:11,業績報表,meta.json,./dashboard_data/latest/meta.json,schedule
20260428041911225007,2026-04-28 04:19:11,業績報表,20260428_041911_df4.csv,./dashboard_data/snapshots/202604/20260428_041911_df4.csv,schedule
20260428041911229133,2026-04-28 04:19:11,業績報表,20260428_041911_daily_df.csv,./dashboard_data/snapshots/202604/20260428_041911_daily_df.csv,schedule
20260428041911232627,2026-04-28 04:19:11,業績報表,20260428_041911_meta.json,./dashboard_data/snapshots/202604/20260428_041911_meta.json,schedule
20260428041911236133,2026-04-28 04:19:11,業績報表,20260428_041911_email_preview.html,./dashboard_data/snapshots/202604/20260428_041911_email_preview.html,schedule
20260428164301363523,2026-04-28 16:43:01,業績報表,df4.csv,./dashboard_data/latest/df4.csv,schedule
20260428164301368257,2026-04-28 16:43:01,業績報表,daily_df.csv,./dashboard_data/latest/daily_df.csv,schedule
20260428164301372046,2026-04-28 16:43:01,業績報表,email_preview.html,./dashboard_data/latest/email_preview.html,schedule
20260428164301375789,2026-04-28 16:43:01,業績報表,meta.json,./dashboard_data/latest/meta.json,schedule
20260428164301380122,2026-04-28 16:43:01,業績報表,20260428_164301_df4.csv,./dashboard_data/snapshots/202604/20260428_164301_df4.csv,schedule
20260428164301384507,2026-04-28 16:43:01,業績報表,20260428_164301_daily_df.csv,./dashboard_data/snapshots/202604/20260428_164301_daily_df.csv,schedule
20260428164301388193,2026-04-28 16:43:01,業績報表,20260428_164301_meta.json,./dashboard_data/snapshots/202604/20260428_164301_meta.json,schedule
20260428164301391901,2026-04-28 16:43:01,業績報表,20260428_164301_email_preview.html,./dashboard_data/snapshots/202604/20260428_164301_email_preview.html,schedule
20260429003016353156,2026-04-29 00:30:16,業績報表,df4.csv,./dashboard_data/latest/df4.csv,schedule
20260429003016357967,2026-04-29 00:30:16,業績報表,daily_df.csv,./dashboard_data/latest/daily_df.csv,schedule
20260429003016361932,2026-04-29 00:30:16,業績報表,email_preview.html,./dashboard_data/latest/email_preview.html,schedule
20260429003016365955,2026-04-29 00:30:16,業績報表,meta.json,./dashboard_data/latest/meta.json,schedule
20260429003016370314,2026-04-29 00:30:16,業績報表,20260429_003016_df4.csv,./dashboard_data/snapshots/202604/20260429_003016_df4.csv,schedule
20260429003016374835,2026-04-29 00:30:16,業績報表,20260429_003016_daily_df.csv,./dashboard_data/snapshots/202604/20260429_003016_daily_df.csv,schedule
20260429003016378620,2026-04-29 00:30:16,業績報表,20260429_003016_meta.json,./dashboard_data/snapshots/202604/20260429_003016_meta.json,schedule
20260429003016382362,2026-04-29 00:30:16,業績報表,20260429_003016_email_preview.html,./dashboard_data/snapshots/202604/20260429_003016_email_preview.html,schedule
20260429044939837180,2026-04-29 04:49:39,業績報表,df4.csv,./dashboard_data/latest/df4.csv,schedule
20260429044939841917,2026-04-29 04:49:39,業績報表,daily_df.csv,./dashboard_data/latest/daily_df.csv,schedule
20260429044939845701,2026-04-29 04:49:39,業績報表,email_preview.html,./dashboard_data/latest/email_preview.html,schedule
20260429044939849578,2026-04-29 04:49:39,業績報表,meta.json,./dashboard_data/latest/meta.json,schedule
20260429044939853823,2026-04-29 04:49:39,業績報表,20260429_044939_df4.csv,./dashboard_data/snapshots/202604/20260429_044939_df4.csv,schedule
20260429044939858256,2026-04-29 04:49:39,業績報表,20260429_044939_daily_df.csv,./dashboard_data/snapshots/202604/20260429_044939_daily_df.csv,schedule
20260429044939862038,2026-04-29 04:49:39,業績報表,20260429_044939_meta.json,./dashboard_data/snapshots/202604/20260429_044939_meta.json,schedule
20260429044939865772,2026-04-29 04:49:39,業績報表,20260429_044939_email_preview.html,./dashboard_data/snapshots/202604/20260429_044939_email_preview.html,schedule
20260429155322864372,2026-04-29 15:53:22,業績報表,df4.csv,./dashboard_data/latest/df4.csv,schedule
20260429155322869137,2026-04-29 15:53:22,業績報表,daily_df.csv,./dashboard_data/latest/daily_df.csv,schedule
20260429155322872804,2026-04-29 15:53:22,業績報表,email_preview.html,./dashboard_data/latest/email_preview.html,schedule
20260429155322876520,2026-04-29 15:53:22,業績報表,meta.json,./dashboard_data/latest/meta.json,schedule
20260429155322880643,2026-04-29 15:53:22,業績報表,20260429_155322_df4.csv,./dashboard_data/snapshots/202604/20260429_155322_df4.csv,schedule
20260429155322884940,2026-04-29 15:53:22,業績報表,20260429_155322_daily_df.csv,./dashboard_data/snapshots/202604/20260429_155322_daily_df.csv,schedule
20260429155322888845,2026-04-29 15:53:22,業績報表,20260429_155322_meta.json,./dashboard_data/snapshots/202604/20260429_155322_meta.json,schedule
20260429155322892509,2026-04-29 15:53:22,業績報表,20260429_155322_email_preview.html,./dashboard_data/snapshots/202604/20260429_155322_email_preview.html,schedule
20260429195329004879,2026-04-29 19:53:29,業績報表,df4.csv,./dashboard_data/latest/df4.csv,schedule
20260429195329009829,2026-04-29 19:53:29,業績報表,daily_df.csv,./dashboard_data/latest/daily_df.csv,schedule
20260429195329013855,2026-04-29 19:53:29,業績報表,email_preview.html,./dashboard_data/latest/email_preview.html,schedule
20260429195329017888,2026-04-29 19:53:29,業績報表,meta.json,./dashboard_data/latest/meta.json,schedule
20260429195329022313,2026-04-29 19:53:29,業績報表,20260429_195329_df4.csv,./dashboard_data/snapshots/202604/20260429_195329_df4.csv,schedule
20260429195329026935,2026-04-29 19:53:29,業績報表,20260429_195329_daily_df.csv,./dashboard_data/snapshots/202604/20260429_195329_daily_df.csv,schedule
20260429195329030778,2026-04-29 19:53:29,業績報表,20260429_195329_meta.json,./dashboard_data/snapshots/202604/20260429_195329_meta.json,schedule
20260429195329034676,2026-04-29 19:53:29,業績報表,20260429_195329_email_preview.html,./dashboard_data/snapshots/202604/20260429_195329_email_preview.html,schedule
20260430015113256936,2026-04-30 01:51:13,業績報表,df4.csv,./dashboard_data/latest/df4.csv,schedule
20260430015113262235,2026-04-30 01:51:13,業績報表,daily_df.csv,./dashboard_data/latest/daily_df.csv,schedule
20260430015113266427,2026-04-30 01:51:13,業績報表,email_preview.html,./dashboard_data/latest/email_preview.html,schedule
20260430015113270510,2026-04-30 01:51:13,業績報表,meta.json,./dashboard_data/latest/meta.json,schedule
20260430015113274959,2026-04-30 01:51:13,業績報表,20260430_015113_df4.csv,./dashboard_data/snapshots/202604/20260430_015113_df4.csv,schedule
20260430015113279645,2026-04-30 01:51:13,業績報表,20260430_015113_daily_df.csv,./dashboard_data/snapshots/202604/20260430_015113_daily_df.csv,schedule
20260430015113283600,2026-04-30 01:51:13,業績報表,20260430_015113_meta.json,./dashboard_data/snapshots/202604/20260430_015113_meta.json,schedule
20260430015113287644,2026-04-30 01:51:13,業績報表,20260430_015113_email_preview.html,./dashboard_data/snapshots/202604/20260430_015113_email_preview.html,schedule
20260430115945498176,2026-04-30 11:59:45,業績報表,df4.csv,./dashboard_data/latest/df4.csv,schedule
20260430115945502812,2026-04-30 11:59:45,業績報表,daily_df.csv,./dashboard_data/latest/daily_df.csv,schedule
20260430115945506714,2026-04-30 11:59:45,業績報表,email_preview.html,./dashboard_data/latest/email_preview.html,schedule
20260430115945510470,2026-04-30 11:59:45,業績報表,meta.json,./dashboard_data/latest/meta.json,schedule
20260430115945514781,2026-04-30 11:59:45,業績報表,20260430_115945_df4.csv,./dashboard_data/snapshots/202604/20260430_115945_df4.csv,schedule
20260430115945519282,2026-04-30 11:59:45,業績報表,20260430_115945_daily_df.csv,./dashboard_data/snapshots/202604/20260430_115945_daily_df.csv,schedule
20260430115945523078,2026-04-30 11:59:45,業績報表,20260430_115945_meta.json,./dashboard_data/snapshots/202604/20260430_115945_meta.json,schedule
20260430115945526952,2026-04-30 11:59:45,業績報表,20260430_115945_email_preview.html,./dashboard_data/snapshots/202604/20260430_115945_email_preview.html,schedule
20260430195247998950,2026-04-30 19:52:47,業績報表,df4.csv,./dashboard_data/latest/df4.csv,schedule
20260430195248003623,2026-04-30 19:52:48,業績報表,daily_df.csv,./dashboard_data/latest/daily_df.csv,schedule
20260430195248007416,2026-04-30 19:52:48,業績報表,email_preview.html,./dashboard_data/latest/email_preview.html,schedule
20260430195248011282,2026-04-30 19:52:48,業績報表,meta.json,./dashboard_data/latest/meta.json,schedule
20260430195248015468,2026-04-30 19:52:48,業績報表,20260430_195247_df4.csv,./dashboard_data/snapshots/202604/20260430_195247_df4.csv,schedule
20260430195248019941,2026-04-30 19:52:48,業績報表,20260430_195247_daily_df.csv,./dashboard_data/snapshots/202604/20260430_195247_daily_df.csv,schedule
20260430195248023669,2026-04-30 19:52:48,業績報表,20260430_195247_meta.json,./dashboard_data/snapshots/202604/20260430_195247_meta.json,schedule
20260430195248027441,2026-04-30 19:52:48,業績報表,20260430_195247_email_preview.html,./dashboard_data/snapshots/202604/20260430_195247_email_preview.html,schedule
20260501014635845181,2026-05-01 01:46:35,業績報表,df4.csv,./dashboard_data/latest/df4.csv,schedule
20260501014635849895,2026-05-01 01:46:35,業績報表,daily_df.csv,./dashboard_data/latest/daily_df.csv,schedule
20260501014635853945,2026-05-01 01:46:35,業績報表,email_preview.html,./dashboard_data/latest/email_preview.html,schedule
20260501014635858075,2026-05-01 01:46:35,業績報表,meta.json,./dashboard_data/latest/meta.json,schedule
20260501014635862597,2026-05-01 01:46:35,業績報表,20260501_014635_df4.csv,./dashboard_data/snapshots/202605/20260501_014635_df4.csv,schedule
20260501014635867026,2026-05-01 01:46:35,業績報表,20260501_014635_daily_df.csv,./dashboard_data/snapshots/202605/20260501_014635_daily_df.csv,schedule
20260501014635871027,2026-05-01 01:46:35,業績報表,20260501_014635_meta.json,./dashboard_data/snapshots/202605/20260501_014635_meta.json,schedule
20260501014635875083,2026-05-01 01:46:35,業績報表,20260501_014635_email_preview.html,./dashboard_data/snapshots/202605/20260501_014635_email_preview.html,schedule
20260501121218332602,2026-05-01 12:12:18,業績報表,df4.csv,./dashboard_data/latest/df4.csv,schedule
20260501121218337128,2026-05-01 12:12:18,業績報表,daily_df.csv,./dashboard_data/latest/daily_df.csv,schedule
20260501121218340930,2026-05-01 12:12:18,業績報表,email_preview.html,./dashboard_data/latest/email_preview.html,schedule
20260501121218344733,2026-05-01 12:12:18,業績報表,meta.json,./dashboard_data/latest/meta.json,schedule
20260501121218348879,2026-05-01 12:12:18,業績報表,20260501_121218_df4.csv,./dashboard_data/snapshots/202605/20260501_121218_df4.csv,schedule
20260501121218352985,2026-05-01 12:12:18,業績報表,20260501_121218_daily_df.csv,./dashboard_data/snapshots/202605/20260501_121218_daily_df.csv,schedule
20260501121218356732,2026-05-01 12:12:18,業績報表,20260501_121218_meta.json,./dashboard_data/snapshots/202605/20260501_121218_meta.json,schedule
20260501121218360587,2026-05-01 12:12:18,業績報表,20260501_121218_email_preview.html,./dashboard_data/snapshots/202605/20260501_121218_email_preview.html,schedule
20260501192035032698,2026-05-01 19:20:35,業績報表,df4.csv,./dashboard_data/latest/df4.csv,schedule
20260501192035037342,2026-05-01 19:20:35,業績報表,daily_df.csv,./dashboard_data/latest/daily_df.csv,schedule
20260501192035040999,2026-05-01 19:20:35,業績報表,email_preview.html,./dashboard_data/latest/email_preview.html,schedule
20260501192035044665,2026-05-01 19:20:35,業績報表,meta.json,./dashboard_data/latest/meta.json,schedule
20260501192035048664,2026-05-01 19:20:35,業績報表,20260501_192035_df4.csv,./dashboard_data/snapshots/202605/20260501_192035_df4.csv,schedule
20260501192035052672,2026-05-01 19:20:35,業績報表,20260501_192035_daily_df.csv,./dashboard_data/snapshots/202605/20260501_192035_daily_df.csv,schedule
20260501192035056292,2026-05-01 19:20:35,業績報表,20260501_192035_meta.json,./dashboard_data/snapshots/202605/20260501_192035_meta.json,schedule
20260501192035059897,2026-05-01 19:20:35,業績報表,20260501_192035_email_preview.html,./dashboard_data/snapshots/202605/20260501_192035_email_preview.html,schedule
20260502011447872366,2026-05-02 01:14:47,業績報表,df4.csv,./dashboard_data/latest/df4.csv,schedule
20260502011447877371,2026-05-02 01:14:47,業績報表,daily_df.csv,./dashboard_data/latest/daily_df.csv,schedule
20260502011447881674,2026-05-02 01:14:47,業績報表,email_preview.html,./dashboard_data/latest/email_preview.html,schedule
20260502011447885941,2026-05-02 01:14:47,業績報表,meta.json,./dashboard_data/latest/meta.json,schedule
20260502011447890593,2026-05-02 01:14:47,業績報表,20260502_011447_df4.csv,./dashboard_data/snapshots/202605/20260502_011447_df4.csv,schedule
20260502011447895244,2026-05-02 01:14:47,業績報表,20260502_011447_daily_df.csv,./dashboard_data/snapshots/202605/20260502_011447_daily_df.csv,schedule
20260502011447899335,2026-05-02 01:14:47,業績報表,20260502_011447_meta.json,./dashboard_data/snapshots/202605/20260502_011447_meta.json,schedule
20260502011447903576,2026-05-02 01:14:47,業績報表,20260502_011447_email_preview.html,./dashboard_data/snapshots/202605/20260502_011447_email_preview.html,schedule
20260502114622378146,2026-05-02 11:46:22,業績報表,df4.csv,./dashboard_data/latest/df4.csv,schedule
20260502114622383292,2026-05-02 11:46:22,業績報表,daily_df.csv,./dashboard_data/latest/daily_df.csv,schedule
20260502114622387558,2026-05-02 11:46:22,業績報表,email_preview.html,./dashboard_data/latest/email_preview.html,schedule
20260502114622391831,2026-05-02 11:46:22,業績報表,meta.json,./dashboard_data/latest/meta.json,schedule
20260502114622396599,2026-05-02 11:46:22,業績報表,20260502_114622_df4.csv,./dashboard_data/snapshots/202605/20260502_114622_df4.csv,schedule
20260502114622401369,2026-05-02 11:46:22,業績報表,20260502_114622_daily_df.csv,./dashboard_data/snapshots/202605/20260502_114622_daily_df.csv,schedule
20260502114622405572,2026-05-02 11:46:22,業績報表,20260502_114622_meta.json,./dashboard_data/snapshots/202605/20260502_114622_meta.json,schedule
20260502114622409868,2026-05-02 11:46:22,業績報表,20260502_114622_email_preview.html,./dashboard_data/snapshots/202605/20260502_114622_email_preview.html,schedule
20260502190406494117,2026-05-02 19:04:06,業績報表,df4.csv,./dashboard_data/latest/df4.csv,schedule
20260502190406499254,2026-05-02 19:04:06,業績報表,daily_df.csv,./dashboard_data/latest/daily_df.csv,schedule
20260502190406503750,2026-05-02 19:04:06,業績報表,email_preview.html,./dashboard_data/latest/email_preview.html,schedule
20260502190406508200,2026-05-02 19:04:06,業績報表,meta.json,./dashboard_data/latest/meta.json,schedule
20260502190406513175,2026-05-02 19:04:06,業績報表,20260502_190406_df4.csv,./dashboard_data/snapshots/202605/20260502_190406_df4.csv,schedule
20260502190406518053,2026-05-02 19:04:06,業績報表,20260502_190406_daily_df.csv,./dashboard_data/snapshots/202605/20260502_190406_daily_df.csv,schedule
20260502190406522419,2026-05-02 19:04:06,業績報表,20260502_190406_meta.json,./dashboard_data/snapshots/202605/20260502_190406_meta.json,schedule
20260502190406526928,2026-05-02 19:04:06,業績報表,20260502_190406_email_preview.html,./dashboard_data/snapshots/202605/20260502_190406_email_preview.html,schedule
20260503010745348544,2026-05-03 01:07:45,業績報表,df4.csv,./dashboard_data/latest/df4.csv,schedule
20260503010745353853,2026-05-03 01:07:45,業績報表,daily_df.csv,./dashboard_data/latest/daily_df.csv,schedule
20260503010745358254,2026-05-03 01:07:45,業績報表,email_preview.html,./dashboard_data/latest/email_preview.html,schedule
20260503010745362666,2026-05-03 01:07:45,業績報表,meta.json,./dashboard_data/latest/meta.json,schedule
20260503010745367392,2026-05-03 01:07:45,業績報表,20260503_010745_df4.csv,./dashboard_data/snapshots/202605/20260503_010745_df4.csv,schedule
20260503010745372147,2026-05-03 01:07:45,業績報表,20260503_010745_daily_df.csv,./dashboard_data/snapshots/202605/20260503_010745_daily_df.csv,schedule
20260503010745376597,2026-05-03 01:07:45,業績報表,20260503_010745_meta.json,./dashboard_data/snapshots/202605/20260503_010745_meta.json,schedule
20260503010745380975,2026-05-03 01:07:45,業績報表,20260503_010745_email_preview.html,./dashboard_data/snapshots/202605/20260503_010745_email_preview.html,schedule
20260503120642515608,2026-05-03 12:06:42,業績報表,df4.csv,./dashboard_data/latest/df4.csv,schedule
20260503120642521068,2026-05-03 12:06:42,業績報表,daily_df.csv,./dashboard_data/latest/daily_df.csv,schedule
20260503120642525542,2026-05-03 12:06:42,業績報表,email_preview.html,./dashboard_data/latest/email_preview.html,schedule
20260503120642530050,2026-05-03 12:06:42,業績報表,meta.json,./dashboard_data/latest/meta.json,schedule
20260503120642534886,2026-05-03 12:06:42,業績報表,20260503_120642_df4.csv,./dashboard_data/snapshots/202605/20260503_120642_df4.csv,schedule
20260503120642539806,2026-05-03 12:06:42,業績報表,20260503_120642_daily_df.csv,./dashboard_data/snapshots/202605/20260503_120642_daily_df.csv,schedule
20260503120642544192,2026-05-03 12:06:42,業績報表,20260503_120642_meta.json,./dashboard_data/snapshots/202605/20260503_120642_meta.json,schedule
20260503120642548587,2026-05-03 12:06:42,業績報表,20260503_120642_email_preview.html,./dashboard_data/snapshots/202605/20260503_120642_email_preview.html,schedule
20260503190536628128,2026-05-03 19:05:36,業績報表,df4.csv,./dashboard_data/latest/df4.csv,schedule
20260503190536633975,2026-05-03 19:05:36,業績報表,daily_df.csv,./dashboard_data/latest/daily_df.csv,schedule
20260503190536638694,2026-05-03 19:05:36,業績報表,email_preview.html,./dashboard_data/latest/email_preview.html,schedule
20260503190536643403,2026-05-03 19:05:36,業績報表,meta.json,./dashboard_data/latest/meta.json,schedule
20260503190536648540,2026-05-03 19:05:36,業績報表,20260503_190536_df4.csv,./dashboard_data/snapshots/202605/20260503_190536_df4.csv,schedule
20260503190536653641,2026-05-03 19:05:36,業績報表,20260503_190536_daily_df.csv,./dashboard_data/snapshots/202605/20260503_190536_daily_df.csv,schedule
20260503190536658124,2026-05-03 19:05:36,業績報表,20260503_190536_meta.json,./dashboard_data/snapshots/202605/20260503_190536_meta.json,schedule
20260503190536662757,2026-05-03 19:05:36,業績報表,20260503_190536_email_preview.html,./dashboard_data/snapshots/202605/20260503_190536_email_preview.html,schedule
20260504010921940683,2026-05-04 01:09:21,業績報表,df4.csv,./dashboard_data/latest/df4.csv,schedule
20260504010921946546,2026-05-04 01:09:21,業績報表,daily_df.csv,./dashboard_data/latest/daily_df.csv,schedule
20260504010921951353,2026-05-04 01:09:21,業績報表,email_preview.html,./dashboard_data/latest/email_preview.html,schedule
20260504010921956409,2026-05-04 01:09:21,業績報表,meta.json,./dashboard_data/latest/meta.json,schedule
20260504010921961879,2026-05-04 01:09:21,業績報表,20260504_010921_df4.csv,./dashboard_data/snapshots/202605/20260504_010921_df4.csv,schedule
20260504010921967413,2026-05-04 01:09:21,業績報表,20260504_010921_daily_df.csv,./dashboard_data/snapshots/202605/20260504_010921_daily_df.csv,schedule
20260504010921972422,2026-05-04 01:09:21,業績報表,20260504_010921_meta.json,./dashboard_data/snapshots/202605/20260504_010921_meta.json,schedule
20260504010921977410,2026-05-04 01:09:21,業績報表,20260504_010921_email_preview.html,./dashboard_data/snapshots/202605/20260504_010921_email_preview.html,schedule
20260504120350715441,2026-05-04 12:03:50,業績報表,df4.csv,./dashboard_data/latest/df4.csv,schedule
20260504120350720845,2026-05-04 12:03:50,業績報表,daily_df.csv,./dashboard_data/latest/daily_df.csv,schedule
20260504120350725885,2026-05-04 12:03:50,次月統計報表,next_month_daily_df.csv,./dashboard_data/latest/next_month_daily_df.csv,schedule
20260504120350730511,2026-05-04 12:03:50,業績報表,email_preview.html,./dashboard_data/latest/email_preview.html,schedule
20260504120350735162,2026-05-04 12:03:50,業績報表,meta.json,./dashboard_data/latest/meta.json,schedule
20260504120350740493,2026-05-04 12:03:50,業績報表,20260504_120350_df4.csv,./dashboard_data/snapshots/202605/20260504_120350_df4.csv,schedule
20260504120350745648,2026-05-04 12:03:50,業績報表,20260504_120350_daily_df.csv,./dashboard_data/snapshots/202605/20260504_120350_daily_df.csv,schedule
20260504120350750655,2026-05-04 12:03:50,次月統計報表,20260504_120350_next_month_daily_df.csv,./dashboard_data/snapshots/202605/20260504_120350_next_month_daily_df.csv,schedule
20260504120350755301,2026-05-04 12:03:50,業績報表,20260504_120350_meta.json,./dashboard_data/snapshots/202605/20260504_120350_meta.json,schedule
20260504120350759979,2026-05-04 12:03:50,業績報表,20260504_120350_email_preview.html,./dashboard_data/snapshots/202605/20260504_120350_email_preview.html,schedule
20260505015238650160,2026-05-05 01:52:38,業績報表,df4.csv,./dashboard_data/latest/df4.csv,schedule
20260505015238656082,2026-05-05 01:52:38,業績報表,daily_df.csv,./dashboard_data/latest/daily_df.csv,schedule
20260505015238661485,2026-05-05 01:52:38,次月統計報表,next_month_daily_df.csv,./dashboard_data/latest/next_month_daily_df.csv,schedule
20260505015238666114,2026-05-05 01:52:38,業績報表,email_preview.html,./dashboard_data/latest/email_preview.html,schedule
20260505015238670931,2026-05-05 01:52:38,業績報表,meta.json,./dashboard_data/latest/meta.json,schedule
20260505015238676352,2026-05-05 01:52:38,業績報表,20260505_015238_df4.csv,./dashboard_data/snapshots/202605/20260505_015238_df4.csv,schedule
20260505015238681820,2026-05-05 01:52:38,業績報表,20260505_015238_daily_df.csv,./dashboard_data/snapshots/202605/20260505_015238_daily_df.csv,schedule
20260505015238686976,2026-05-05 01:52:38,次月統計報表,20260505_015238_next_month_daily_df.csv,./dashboard_data/snapshots/202605/20260505_015238_next_month_daily_df.csv,schedule
20260505015238691598,2026-05-05 01:52:38,業績報表,20260505_015238_meta.json,./dashboard_data/snapshots/202605/20260505_015238_meta.json,schedule
20260505015238696258,2026-05-05 01:52:38,業績報表,20260505_015238_email_preview.html,./dashboard_data/snapshots/202605/20260505_015238_email_preview.html,schedule
20260505114529608898,2026-05-05 11:45:29,業績報表,df4.csv,./dashboard_data/latest/df4.csv,schedule
20260505114529816938,2026-05-05 11:45:29,業績報表,daily_df.csv,./dashboard_data/latest/daily_df.csv,schedule
20260505114529916776,2026-05-05 11:45:29,次月統計報表,next_month_daily_df.csv,./dashboard_data/latest/next_month_daily_df.csv,schedule
20260505114529921895,2026-05-05 11:45:29,業績報表,email_preview.html,./dashboard_data/latest/email_preview.html,schedule
20260505114530020139,2026-05-05 11:45:30,業績報表,meta.json,./dashboard_data/latest/meta.json,schedule
20260505114530198397,2026-05-05 11:45:30,業績報表,20260505_114529_df4.csv,./dashboard_data/snapshots/202605/20260505_114529_df4.csv,schedule
20260505114530214398,2026-05-05 11:45:30,業績報表,20260505_114529_daily_df.csv,./dashboard_data/snapshots/202605/20260505_114529_daily_df.csv,schedule
20260505114530228271,2026-05-05 11:45:30,次月統計報表,20260505_114529_next_month_daily_df.csv,./dashboard_data/snapshots/202605/20260505_114529_next_month_daily_df.csv,schedule
20260505114530236005,2026-05-05 11:45:30,業績報表,20260505_114529_meta.json,./dashboard_data/snapshots/202605/20260505_114529_meta.json,schedule
20260505114530253631,2026-05-05 11:45:30,業績報表,20260505_114529_email_preview.html,./dashboard_data/snapshots/202605/20260505_114529_email_preview.html,schedule
20260505193721113653,2026-05-05 19:37:21,業績報表,df4.csv,./dashboard_data/latest/df4.csv,schedule
20260505193721119735,2026-05-05 19:37:21,業績報表,daily_df.csv,./dashboard_data/latest/daily_df.csv,schedule
20260505193721125120,2026-05-05 19:37:21,次月統計報表,next_month_daily_df.csv,./dashboard_data/latest/next_month_daily_df.csv,schedule
20260505193721129752,2026-05-05 19:37:21,業績報表,email_preview.html,./dashboard_data/latest/email_preview.html,schedule
20260505193721134535,2026-05-05 19:37:21,業績報表,meta.json,./dashboard_data/latest/meta.json,schedule
20260505193721139706,2026-05-05 19:37:21,業績報表,20260505_193721_df4.csv,./dashboard_data/snapshots/202605/20260505_193721_df4.csv,schedule
20260505193721145397,2026-05-05 19:37:21,業績報表,20260505_193721_daily_df.csv,./dashboard_data/snapshots/202605/20260505_193721_daily_df.csv,schedule
20260505193721150581,2026-05-05 19:37:21,次月統計報表,20260505_193721_next_month_daily_df.csv,./dashboard_data/snapshots/202605/20260505_193721_next_month_daily_df.csv,schedule
20260505193721155215,2026-05-05 19:37:21,業績報表,20260505_193721_meta.json,./dashboard_data/snapshots/202605/20260505_193721_meta.json,schedule
20260505193721159937,2026-05-05 19:37:21,業績報表,20260505_193721_email_preview.html,./dashboard_data/snapshots/202605/20260505_193721_email_preview.html,schedule
20260506015129056381,2026-05-06 01:51:29,業績報表,df4.csv,./dashboard_data/latest/df4.csv,schedule
20260506015129062427,2026-05-06 01:51:29,業績報表,daily_df.csv,./dashboard_data/latest/daily_df.csv,schedule
20260506015129067954,2026-05-06 01:51:29,次月統計報表,next_month_daily_df.csv,./dashboard_data/latest/next_month_daily_df.csv,schedule
20260506015129072824,2026-05-06 01:51:29,業績報表,email_preview.html,./dashboard_data/latest/email_preview.html,schedule
20260506015129077811,2026-05-06 01:51:29,業績報表,meta.json,./dashboard_data/latest/meta.json,schedule
20260506015129083158,2026-05-06 01:51:29,業績報表,20260506_015129_df4.csv,./dashboard_data/snapshots/202605/20260506_015129_df4.csv,schedule
20260506015129089015,2026-05-06 01:51:29,業績報表,20260506_015129_daily_df.csv,./dashboard_data/snapshots/202605/20260506_015129_daily_df.csv,schedule
20260506015129094581,2026-05-06 01:51:29,次月統計報表,20260506_015129_next_month_daily_df.csv,./dashboard_data/snapshots/202605/20260506_015129_next_month_daily_df.csv,schedule
20260506015129099409,2026-05-06 01:51:29,業績報表,20260506_015129_meta.json,./dashboard_data/snapshots/202605/20260506_015129_meta.json,schedule
20260506015129104337,2026-05-06 01:51:29,業績報表,20260506_015129_email_preview.html,./dashboard_data/snapshots/202605/20260506_015129_email_preview.html,schedule
20260506120005916501,2026-05-06 12:00:05,業績報表,df4.csv,./dashboard_data/latest/df4.csv,schedule
20260506120005922576,2026-05-06 12:00:05,業績報表,daily_df.csv,./dashboard_data/latest/daily_df.csv,schedule
20260506120005928033,2026-05-06 12:00:05,次月統計報表,next_month_daily_df.csv,./dashboard_data/latest/next_month_daily_df.csv,schedule
20260506120005932754,2026-05-06 12:00:05,業績報表,email_preview.html,./dashboard_data/latest/email_preview.html,schedule
20260506120005937505,2026-05-06 12:00:05,業績報表,meta.json,./dashboard_data/latest/meta.json,schedule
20260506120005942687,2026-05-06 12:00:05,業績報表,20260506_120005_df4.csv,./dashboard_data/snapshots/202605/20260506_120005_df4.csv,schedule
20260506120005948147,2026-05-06 12:00:05,業績報表,20260506_120005_daily_df.csv,./dashboard_data/snapshots/202605/20260506_120005_daily_df.csv,schedule
20260506120005953256,2026-05-06 12:00:05,次月統計報表,20260506_120005_next_month_daily_df.csv,./dashboard_data/snapshots/202605/20260506_120005_next_month_daily_df.csv,schedule
20260506120005957887,2026-05-06 12:00:05,業績報表,20260506_120005_meta.json,./dashboard_data/snapshots/202605/20260506_120005_meta.json,schedule
20260506120005962538,2026-05-06 12:00:05,業績報表,20260506_120005_email_preview.html,./dashboard_data/snapshots/202605/20260506_120005_email_preview.html,schedule
20260506200347459119,2026-05-06 20:03:47,業績報表,df4.csv,./dashboard_data/latest/df4.csv,schedule
20260506200347465134,2026-05-06 20:03:47,業績報表,daily_df.csv,./dashboard_data/latest/daily_df.csv,schedule
20260506200347470335,2026-05-06 20:03:47,次月統計報表,next_month_daily_df.csv,./dashboard_data/latest/next_month_daily_df.csv,schedule
20260506200347474914,2026-05-06 20:03:47,業績報表,email_preview.html,./dashboard_data/latest/email_preview.html,schedule
20260506200347479529,2026-05-06 20:03:47,業績報表,meta.json,./dashboard_data/latest/meta.json,schedule
20260506200347484591,2026-05-06 20:03:47,業績報表,20260506_200347_df4.csv,./dashboard_data/snapshots/202605/20260506_200347_df4.csv,schedule
20260506200347489977,2026-05-06 20:03:47,業績報表,20260506_200347_daily_df.csv,./dashboard_data/snapshots/202605/20260506_200347_daily_df.csv,schedule
20260506200347495035,2026-05-06 20:03:47,次月統計報表,20260506_200347_next_month_daily_df.csv,./dashboard_data/snapshots/202605/20260506_200347_next_month_daily_df.csv,schedule
20260506200347499644,2026-05-06 20:03:47,業績報表,20260506_200347_meta.json,./dashboard_data/snapshots/202605/20260506_200347_meta.json,schedule
20260506200347504237,2026-05-06 20:03:47,業績報表,20260506_200347_email_preview.html,./dashboard_data/snapshots/202605/20260506_200347_email_preview.html,schedule
20260507015319645399,2026-05-07 01:53:19,業績報表,df4.csv,./dashboard_data/latest/df4.csv,schedule
20260507015319657550,2026-05-07 01:53:19,業績報表,daily_df.csv,./dashboard_data/latest/daily_df.csv,schedule
20260507015319663252,2026-05-07 01:53:19,次月統計報表,next_month_daily_df.csv,./dashboard_data/latest/next_month_daily_df.csv,schedule
20260507015319668195,2026-05-07 01:53:19,業績報表,email_preview.html,./dashboard_data/latest/email_preview.html,schedule
20260507015319673205,2026-05-07 01:53:19,業績報表,meta.json,./dashboard_data/latest/meta.json,schedule
20260507015319678623,2026-05-07 01:53:19,業績報表,20260507_015319_df4.csv,./dashboard_data/snapshots/202605/20260507_015319_df4.csv,schedule
20260507015319684469,2026-05-07 01:53:19,業績報表,20260507_015319_daily_df.csv,./dashboard_data/snapshots/202605/20260507_015319_daily_df.csv,schedule
20260507015319689933,2026-05-07 01:53:19,次月統計報表,20260507_015319_next_month_daily_df.csv,./dashboard_data/snapshots/202605/20260507_015319_next_month_daily_df.csv,schedule
20260507015319694804,2026-05-07 01:53:19,業績報表,20260507_015319_meta.json,./dashboard_data/snapshots/202605/20260507_015319_meta.json,schedule
20260507015319699787,2026-05-07 01:53:19,業績報表,20260507_015319_email_preview.html,./dashboard_data/snapshots/202605/20260507_015319_email_preview.html,schedule
20260507115942083166,2026-05-07 11:59:42,業績報表,df4.csv,./dashboard_data/latest/df4.csv,schedule
20260507115942089570,2026-05-07 11:59:42,業績報表,daily_df.csv,./dashboard_data/latest/daily_df.csv,schedule
20260507115942095375,2026-05-07 11:59:42,次月統計報表,next_month_daily_df.csv,./dashboard_data/latest/next_month_daily_df.csv,schedule
20260507115942100423,2026-05-07 11:59:42,業績報表,email_preview.html,./dashboard_data/latest/email_preview.html,schedule
20260507115942105566,2026-05-07 11:59:42,業績報表,meta.json,./dashboard_data/latest/meta.json,schedule
20260507115942111057,2026-05-07 11:59:42,業績報表,20260507_115942_df4.csv,./dashboard_data/snapshots/202605/20260507_115942_df4.csv,schedule
20260507115942116951,2026-05-07 11:59:42,業績報表,20260507_115942_daily_df.csv,./dashboard_data/snapshots/202605/20260507_115942_daily_df.csv,schedule
20260507115942122529,2026-05-07 11:59:42,次月統計報表,20260507_115942_next_month_daily_df.csv,./dashboard_data/snapshots/202605/20260507_115942_next_month_daily_df.csv,schedule
20260507115942127523,2026-05-07 11:59:42,業績報表,20260507_115942_meta.json,./dashboard_data/snapshots/202605/20260507_115942_meta.json,schedule
20260507115942132576,2026-05-07 11:59:42,業績報表,20260507_115942_email_preview.html,./dashboard_data/snapshots/202605/20260507_115942_email_preview.html,schedule
20260507200234468383,2026-05-07 20:02:34,業績報表,df4.csv,./dashboard_data/latest/df4.csv,schedule
20260507200234475132,2026-05-07 20:02:34,業績報表,daily_df.csv,./dashboard_data/latest/daily_df.csv,schedule
20260507200234481038,2026-05-07 20:02:34,次月統計報表,next_month_daily_df.csv,./dashboard_data/latest/next_month_daily_df.csv,schedule
20260507200234486346,2026-05-07 20:02:34,業績報表,email_preview.html,./dashboard_data/latest/email_preview.html,schedule
20260507200234491643,2026-05-07 20:02:34,業績報表,meta.json,./dashboard_data/latest/meta.json,schedule
20260507200234497581,2026-05-07 20:02:34,業績報表,20260507_200234_df4.csv,./dashboard_data/snapshots/202605/20260507_200234_df4.csv,schedule
20260507200234503939,2026-05-07 20:02:34,業績報表,20260507_200234_daily_df.csv,./dashboard_data/snapshots/202605/20260507_200234_daily_df.csv,schedule
20260507200234509991,2026-05-07 20:02:34,次月統計報表,20260507_200234_next_month_daily_df.csv,./dashboard_data/snapshots/202605/20260507_200234_next_month_daily_df.csv,schedule
20260507200234515378,2026-05-07 20:02:34,業績報表,20260507_200234_meta.json,./dashboard_data/snapshots/202605/20260507_200234_meta.json,schedule
20260507200234520932,2026-05-07 20:02:34,業績報表,20260507_200234_email_preview.html,./dashboard_data/snapshots/202605/20260507_200234_email_preview.html,schedule
20260508015907298829,2026-05-08 01:59:07,業績報表,df4.csv,./dashboard_data/latest/df4.csv,schedule
20260508015907305579,2026-05-08 01:59:07,業績報表,daily_df.csv,./dashboard_data/latest/daily_df.csv,schedule
20260508015907311529,2026-05-08 01:59:07,次月統計報表,next_month_daily_df.csv,./dashboard_data/latest/next_month_daily_df.csv,schedule
20260508015907316727,2026-05-08 01:59:07,業績報表,email_preview.html,./dashboard_data/latest/email_preview.html,schedule
20260508015907321991,2026-05-08 01:59:07,業績報表,meta.json,./dashboard_data/latest/meta.json,schedule
20260508015907327759,2026-05-08 01:59:07,業績報表,20260508_015907_df4.csv,./dashboard_data/snapshots/202605/20260508_015907_df4.csv,schedule
20260508015907333799,2026-05-08 01:59:07,業績報表,20260508_015907_daily_df.csv,./dashboard_data/snapshots/202605/20260508_015907_daily_df.csv,schedule
20260508015907339529,2026-05-08 01:59:07,次月統計報表,20260508_015907_next_month_daily_df.csv,./dashboard_data/snapshots/202605/20260508_015907_next_month_daily_df.csv,schedule
20260508015907344674,2026-05-08 01:59:07,業績報表,20260508_015907_meta.json,./dashboard_data/snapshots/202605/20260508_015907_meta.json,schedule
20260508015907349804,2026-05-08 01:59:07,業績報表,20260508_015907_email_preview.html,./dashboard_data/snapshots/202605/20260508_015907_email_preview.html,schedule
20260508115010362048,2026-05-08 11:50:10,業績報表,df4.csv,./dashboard_data/latest/df4.csv,schedule
20260508115010368327,2026-05-08 11:50:10,業績報表,daily_df.csv,./dashboard_data/latest/daily_df.csv,schedule
20260508115010374145,2026-05-08 11:50:10,次月統計報表,next_month_daily_df.csv,./dashboard_data/latest/next_month_daily_df.csv,schedule
20260508115010379270,2026-05-08 11:50:10,業績報表,email_preview.html,./dashboard_data/latest/email_preview.html,schedule
20260508115010384423,2026-05-08 11:50:10,業績報表,meta.json,./dashboard_data/latest/meta.json,schedule
20260508115010390034,2026-05-08 11:50:10,業績報表,20260508_115010_df4.csv,./dashboard_data/snapshots/202605/20260508_115010_df4.csv,schedule
20260508115010396003,2026-05-08 11:50:10,業績報表,20260508_115010_daily_df.csv,./dashboard_data/snapshots/202605/20260508_115010_daily_df.csv,schedule
20260508115010401691,2026-05-08 11:50:10,次月統計報表,20260508_115010_next_month_daily_df.csv,./dashboard_data/snapshots/202605/20260508_115010_next_month_daily_df.csv,schedule
20260508115010406757,2026-05-08 11:50:10,業績報表,20260508_115010_meta.json,./dashboard_data/snapshots/202605/20260508_115010_meta.json,schedule
20260508115010411867,2026-05-08 11:50:10,業績報表,20260508_115010_email_preview.html,./dashboard_data/snapshots/202605/20260508_115010_email_preview.html,schedule
20260508194314173895,2026-05-08 19:43:14,業績報表,df4.csv,./dashboard_data/latest/df4.csv,schedule
20260508194314180299,2026-05-08 19:43:14,業績報表,daily_df.csv,./dashboard_data/latest/daily_df.csv,schedule
20260508194314185893,2026-05-08 19:43:14,次月統計報表,next_month_daily_df.csv,./dashboard_data/latest/next_month_daily_df.csv,schedule
20260508194314190823,2026-05-08 19:43:14,業績報表,email_preview.html,./dashboard_data/latest/email_preview.html,schedule
20260508194314195843,2026-05-08 19:43:14,業績報表,meta.json,./dashboard_data/latest/meta.json,schedule
20260508194314201250,2026-05-08 19:43:14,業績報表,20260508_194314_df4.csv,./dashboard_data/snapshots/202605/20260508_194314_df4.csv,schedule
20260508194314207064,2026-05-08 19:43:14,業績報表,20260508_194314_daily_df.csv,./dashboard_data/snapshots/202605/20260508_194314_daily_df.csv,schedule
20260508194314212553,2026-05-08 19:43:14,次月統計報表,20260508_194314_next_month_daily_df.csv,./dashboard_data/snapshots/202605/20260508_194314_next_month_daily_df.csv,schedule
20260508194314217485,2026-05-08 19:43:14,業績報表,20260508_194314_meta.json,./dashboard_data/snapshots/202605/20260508_194314_meta.json,schedule
20260508194314222458,2026-05-08 19:43:14,業績報表,20260508_194314_email_preview.html,./dashboard_data/snapshots/202605/20260508_194314_email_preview.html,schedule
20260509014515896823,2026-05-09 01:45:15,業績報表,df4.csv,./dashboard_data/latest/df4.csv,schedule
20260509014515903232,2026-05-09 01:45:15,業績報表,daily_df.csv,./dashboard_data/latest/daily_df.csv,schedule
20260509014515909132,2026-05-09 01:45:15,次月統計報表,next_month_daily_df.csv,./dashboard_data/latest/next_month_daily_df.csv,schedule
20260509014515914256,2026-05-09 01:45:15,業績報表,email_preview.html,./dashboard_data/latest/email_preview.html,schedule
20260509014515919612,2026-05-09 01:45:15,業績報表,meta.json,./dashboard_data/latest/meta.json,schedule
20260509014515925257,2026-05-09 01:45:15,業績報表,20260509_014515_df4.csv,./dashboard_data/snapshots/202605/20260509_014515_df4.csv,schedule
20260509014515931358,2026-05-09 01:45:15,業績報表,20260509_014515_daily_df.csv,./dashboard_data/snapshots/202605/20260509_014515_daily_df.csv,schedule
20260509014515937162,2026-05-09 01:45:15,次月統計報表,20260509_014515_next_month_daily_df.csv,./dashboard_data/snapshots/202605/20260509_014515_next_month_daily_df.csv,schedule
20260509014515942405,2026-05-09 01:45:15,業績報表,20260509_014515_meta.json,./dashboard_data/snapshots/202605/20260509_014515_meta.json,schedule
20260509014515947679,2026-05-09 01:45:15,業績報表,20260509_014515_email_preview.html,./dashboard_data/snapshots/202605/20260509_014515_email_preview.html,schedule
20260509115142955160,2026-05-09 11:51:42,業績報表,df4.csv,./dashboard_data/latest/df4.csv,schedule
20260509115142962039,2026-05-09 11:51:42,業績報表,daily_df.csv,./dashboard_data/latest/daily_df.csv,schedule
20260509115142968526,2026-05-09 11:51:42,次月統計報表,next_month_daily_df.csv,./dashboard_data/latest/next_month_daily_df.csv,schedule
20260509115142974187,2026-05-09 11:51:42,業績報表,email_preview.html,./dashboard_data/latest/email_preview.html,schedule
20260509115142979799,2026-05-09 11:51:42,業績報表,meta.json,./dashboard_data/latest/meta.json,schedule
20260509115142985688,2026-05-09 11:51:42,業績報表,20260509_115142_df4.csv,./dashboard_data/snapshots/202605/20260509_115142_df4.csv,schedule
20260509115142992283,2026-05-09 11:51:42,業績報表,20260509_115142_daily_df.csv,./dashboard_data/snapshots/202605/20260509_115142_daily_df.csv,schedule
20260509115142998606,2026-05-09 11:51:42,次月統計報表,20260509_115142_next_month_daily_df.csv,./dashboard_data/snapshots/202605/20260509_115142_next_month_daily_df.csv,schedule
20260509115143004208,2026-05-09 11:51:43,業績報表,20260509_115142_meta.json,./dashboard_data/snapshots/202605/20260509_115142_meta.json,schedule
20260509115143009671,2026-05-09 11:51:43,業績報表,20260509_115142_email_preview.html,./dashboard_data/snapshots/202605/20260509_115142_email_preview.html,schedule
20260509191021553490,2026-05-09 19:10:21,業績報表,df4.csv,./dashboard_data/latest/df4.csv,schedule
20260509191021560248,2026-05-09 19:10:21,業績報表,daily_df.csv,./dashboard_data/latest/daily_df.csv,schedule
20260509191021566521,2026-05-09 19:10:21,次月統計報表,next_month_daily_df.csv,./dashboard_data/latest/next_month_daily_df.csv,schedule
20260509191021572020,2026-05-09 19:10:21,業績報表,email_preview.html,./dashboard_data/latest/email_preview.html,schedule
20260509191021577737,2026-05-09 19:10:21,業績報表,meta.json,./dashboard_data/latest/meta.json,schedule
20260509191021583838,2026-05-09 19:10:21,業績報表,20260509_191021_df4.csv,./dashboard_data/snapshots/202605/20260509_191021_df4.csv,schedule
20260509191021590528,2026-05-09 19:10:21,業績報表,20260509_191021_daily_df.csv,./dashboard_data/snapshots/202605/20260509_191021_daily_df.csv,schedule
20260509191021596646,2026-05-09 19:10:21,次月統計報表,20260509_191021_next_month_daily_df.csv,./dashboard_data/snapshots/202605/20260509_191021_next_month_daily_df.csv,schedule
20260509191021602087,2026-05-09 19:10:21,業績報表,20260509_191021_meta.json,./dashboard_data/snapshots/202605/20260509_191021_meta.json,schedule
20260509191021607559,2026-05-09 19:10:21,業績報表,20260509_191021_email_preview.html,./dashboard_data/snapshots/202605/20260509_191021_email_preview.html,schedule
20260510011411391521,2026-05-10 01:14:11,業績報表,df4.csv,./dashboard_data/latest/df4.csv,schedule
20260510011411398260,2026-05-10 01:14:11,業績報表,daily_df.csv,./dashboard_data/latest/daily_df.csv,schedule
20260510011411404728,2026-05-10 01:14:11,次月統計報表,next_month_daily_df.csv,./dashboard_data/latest/next_month_daily_df.csv,schedule
20260510011411410340,2026-05-10 01:14:11,業績報表,email_preview.html,./dashboard_data/latest/email_preview.html,schedule
20260510011411416029,2026-05-10 01:14:11,業績報表,meta.json,./dashboard_data/latest/meta.json,schedule
20260510011411422134,2026-05-10 01:14:11,業績報表,20260510_011411_df4.csv,./dashboard_data/snapshots/202605/20260510_011411_df4.csv,schedule
20260510011411428699,2026-05-10 01:14:11,業績報表,20260510_011411_daily_df.csv,./dashboard_data/snapshots/202605/20260510_011411_daily_df.csv,schedule
20260510011411434971,2026-05-10 01:14:11,次月統計報表,20260510_011411_next_month_daily_df.csv,./dashboard_data/snapshots/202605/20260510_011411_next_month_daily_df.csv,schedule
20260510011411440565,2026-05-10 01:14:11,業績報表,20260510_011411_meta.json,./dashboard_data/snapshots/202605/20260510_011411_meta.json,schedule
20260510011411446273,2026-05-10 01:14:11,業績報表,20260510_011411_email_preview.html,./dashboard_data/snapshots/202605/20260510_011411_email_preview.html,schedule
20260510120938066808,2026-05-10 12:09:38,業績報表,df4.csv,./dashboard_data/latest/df4.csv,schedule
20260510120938073787,2026-05-10 12:09:38,業績報表,daily_df.csv,./dashboard_data/latest/daily_df.csv,schedule
20260510120938080199,2026-05-10 12:09:38,次月統計報表,next_month_daily_df.csv,./dashboard_data/latest/next_month_daily_df.csv,schedule
20260510120938085684,2026-05-10 12:09:38,業績報表,email_preview.html,./dashboard_data/latest/email_preview.html,schedule
20260510120938091235,2026-05-10 12:09:38,業績報表,meta.json,./dashboard_data/latest/meta.json,schedule
20260510120938097564,2026-05-10 12:09:38,業績報表,20260510_120938_df4.csv,./dashboard_data/snapshots/202605/20260510_120938_df4.csv,schedule
20260510120938104101,2026-05-10 12:09:38,業績報表,20260510_120938_daily_df.csv,./dashboard_data/snapshots/202605/20260510_120938_daily_df.csv,schedule
20260510120938110319,2026-05-10 12:09:38,次月統計報表,20260510_120938_next_month_daily_df.csv,./dashboard_data/snapshots/202605/20260510_120938_next_month_daily_df.csv,schedule
20260510120938115684,2026-05-10 12:09:38,業績報表,20260510_120938_meta.json,./dashboard_data/snapshots/202605/20260510_120938_meta.json,schedule
20260510120938121156,2026-05-10 12:09:38,業績報表,20260510_120938_email_preview.html,./dashboard_data/snapshots/202605/20260510_120938_email_preview.html,schedule
20260510191129467287,2026-05-10 19:11:29,業績報表,df4.csv,./dashboard_data/latest/df4.csv,schedule
20260510191129474270,2026-05-10 19:11:29,業績報表,daily_df.csv,./dashboard_data/latest/daily_df.csv,schedule
20260510191129480716,2026-05-10 19:11:29,次月統計報表,next_month_daily_df.csv,./dashboard_data/latest/next_month_daily_df.csv,schedule
20260510191129486416,2026-05-10 19:11:29,業績報表,email_preview.html,./dashboard_data/latest/email_preview.html,schedule
20260510191129492009,2026-05-10 19:11:29,業績報表,meta.json,./dashboard_data/latest/meta.json,schedule
20260510191129498152,2026-05-10 19:11:29,業績報表,20260510_191129_df4.csv,./dashboard_data/snapshots/202605/20260510_191129_df4.csv,schedule
20260510191129504954,2026-05-10 19:11:29,業績報表,20260510_191129_daily_df.csv,./dashboard_data/snapshots/202605/20260510_191129_daily_df.csv,schedule
20260510191129511813,2026-05-10 19:11:29,次月統計報表,20260510_191129_next_month_daily_df.csv,./dashboard_data/snapshots/202605/20260510_191129_next_month_daily_df.csv,schedule
20260510191129517598,2026-05-10 19:11:29,業績報表,20260510_191129_meta.json,./dashboard_data/snapshots/202605/20260510_191129_meta.json,schedule
20260510191129523274,2026-05-10 19:11:29,業績報表,20260510_191129_email_preview.html,./dashboard_data/snapshots/202605/20260510_191129_email_preview.html,schedule
20260511011407420077,2026-05-11 01:14:07,業績報表,df4.csv,./dashboard_data/latest/df4.csv,schedule
20260511011407427020,2026-05-11 01:14:07,業績報表,daily_df.csv,./dashboard_data/latest/daily_df.csv,schedule
20260511011407433359,2026-05-11 01:14:07,次月統計報表,next_month_daily_df.csv,./dashboard_data/latest/next_month_daily_df.csv,schedule
20260511011407438848,2026-05-11 01:14:07,業績報表,email_preview.html,./dashboard_data/latest/email_preview.html,schedule
20260511011407444546,2026-05-11 01:14:07,業績報表,meta.json,./dashboard_data/latest/meta.json,schedule
20260511011407450686,2026-05-11 01:14:07,業績報表,20260511_011407_df4.csv,./dashboard_data/snapshots/202605/20260511_011407_df4.csv,schedule
20260511011407457149,2026-05-11 01:14:07,業績報表,20260511_011407_daily_df.csv,./dashboard_data/snapshots/202605/20260511_011407_daily_df.csv,schedule
20260511011407463313,2026-05-11 01:14:07,次月統計報表,20260511_011407_next_month_daily_df.csv,./dashboard_data/snapshots/202605/20260511_011407_next_month_daily_df.csv,schedule
20260511011407468736,2026-05-11 01:14:07,業績報表,20260511_011407_meta.json,./dashboard_data/snapshots/202605/20260511_011407_meta.json,schedule
20260511011407474278,2026-05-11 01:14:07,業績報表,20260511_011407_email_preview.html,./dashboard_data/snapshots/202605/20260511_011407_email_preview.html,schedule
20260511122009654437,2026-05-11 12:20:09,業績報表,df4.csv,./dashboard_data/latest/df4.csv,schedule
20260511122009661506,2026-05-11 12:20:09,業績報表,daily_df.csv,./dashboard_data/latest/daily_df.csv,schedule
20260511122009668005,2026-05-11 12:20:09,次月統計報表,next_month_daily_df.csv,./dashboard_data/latest/next_month_daily_df.csv,schedule
20260511122009673627,2026-05-11 12:20:09,業績報表,email_preview.html,./dashboard_data/latest/email_preview.html,schedule
20260511122009679506,2026-05-11 12:20:09,業績報表,meta.json,./dashboard_data/latest/meta.json,schedule
20260511122009685442,2026-05-11 12:20:09,業績報表,20260511_122009_df4.csv,./dashboard_data/snapshots/202605/20260511_122009_df4.csv,schedule
20260511122009692175,2026-05-11 12:20:09,業績報表,20260511_122009_daily_df.csv,./dashboard_data/snapshots/202605/20260511_122009_daily_df.csv,schedule
20260511122009698552,2026-05-11 12:20:09,次月統計報表,20260511_122009_next_month_daily_df.csv,./dashboard_data/snapshots/202605/20260511_122009_next_month_daily_df.csv,schedule
20260511122009704246,2026-05-11 12:20:09,業績報表,20260511_122009_meta.json,./dashboard_data/snapshots/202605/20260511_122009_meta.json,schedule
20260511122009709682,2026-05-11 12:20:09,業績報表,20260511_122009_email_preview.html,./dashboard_data/snapshots/202605/20260511_122009_email_preview.html,schedule
20260511204939704114,2026-05-11 20:49:39,業績報表,df4.csv,./dashboard_data/latest/df4.csv,schedule
20260511204939711776,2026-05-11 20:49:39,業績報表,daily_df.csv,./dashboard_data/latest/daily_df.csv,schedule
20260511204939718797,2026-05-11 20:49:39,次月統計報表,next_month_daily_df.csv,./dashboard_data/latest/next_month_daily_df.csv,schedule
20260511204939724885,2026-05-11 20:49:39,業績報表,email_preview.html,./dashboard_data/latest/email_preview.html,schedule
20260511204939731084,2026-05-11 20:49:39,業績報表,meta.json,./dashboard_data/latest/meta.json,schedule
20260511204939737887,2026-05-11 20:49:39,業績報表,20260511_204939_df4.csv,./dashboard_data/snapshots/202605/20260511_204939_df4.csv,schedule
20260511204939745200,2026-05-11 20:49:39,業績報表,20260511_204939_daily_df.csv,./dashboard_data/snapshots/202605/20260511_204939_daily_df.csv,schedule
20260511204939752109,2026-05-11 20:49:39,次月統計報表,20260511_204939_next_month_daily_df.csv,./dashboard_data/snapshots/202605/20260511_204939_next_month_daily_df.csv,schedule
20260511204939758377,2026-05-11 20:49:39,業績報表,20260511_204939_meta.json,./dashboard_data/snapshots/202605/20260511_204939_meta.json,schedule
20260511204939764621,2026-05-11 20:49:39,業績報表,20260511_204939_email_preview.html,./dashboard_data/snapshots/202605/20260511_204939_email_preview.html,schedule
20260512020610739045,2026-05-12 02:06:10,業績報表,df4.csv,./dashboard_data/latest/df4.csv,schedule
20260512020610746312,2026-05-12 02:06:10,業績報表,daily_df.csv,./dashboard_data/latest/daily_df.csv,schedule
20260512020610753555,2026-05-12 02:06:10,次月統計報表,next_month_daily_df.csv,./dashboard_data/latest/next_month_daily_df.csv,schedule
20260512020610759335,2026-05-12 02:06:10,業績報表,email_preview.html,./dashboard_data/latest/email_preview.html,schedule
20260512020610765206,2026-05-12 02:06:10,業績報表,meta.json,./dashboard_data/latest/meta.json,schedule
20260512020610771358,2026-05-12 02:06:10,業績報表,20260512_020610_df4.csv,./dashboard_data/snapshots/202605/20260512_020610_df4.csv,schedule
20260512020610778116,2026-05-12 02:06:10,業績報表,20260512_020610_daily_df.csv,./dashboard_data/snapshots/202605/20260512_020610_daily_df.csv,schedule
20260512020610784430,2026-05-12 02:06:10,次月統計報表,20260512_020610_next_month_daily_df.csv,./dashboard_data/snapshots/202605/20260512_020610_next_month_daily_df.csv,schedule
20260512020610790091,2026-05-12 02:06:10,業績報表,20260512_020610_meta.json,./dashboard_data/snapshots/202605/20260512_020610_meta.json,schedule
20260512020610795930,2026-05-12 02:06:10,業績報表,20260512_020610_email_preview.html,./dashboard_data/snapshots/202605/20260512_020610_email_preview.html,schedule
20260512120201354742,2026-05-12 12:02:01,業績報表,df4.csv,./dashboard_data/latest/df4.csv,schedule
20260512120201362102,2026-05-12 12:02:01,業績報表,daily_df.csv,./dashboard_data/latest/daily_df.csv,schedule
20260512120201368739,2026-05-12 12:02:01,次月統計報表,next_month_daily_df.csv,./dashboard_data/latest/next_month_daily_df.csv,schedule
20260512120201374425,2026-05-12 12:02:01,業績報表,email_preview.html,./dashboard_data/latest/email_preview.html,schedule
20260512120201380416,2026-05-12 12:02:01,業績報表,meta.json,./dashboard_data/latest/meta.json,schedule
20260512120201387021,2026-05-12 12:02:01,業績報表,20260512_120201_df4.csv,./dashboard_data/snapshots/202605/20260512_120201_df4.csv,schedule
20260512120201394624,2026-05-12 12:02:01,業績報表,20260512_120201_daily_df.csv,./dashboard_data/snapshots/202605/20260512_120201_daily_df.csv,schedule
20260512120201401544,2026-05-12 12:02:01,次月統計報表,20260512_120201_next_month_daily_df.csv,./dashboard_data/snapshots/202605/20260512_120201_next_month_daily_df.csv,schedule
20260512120201407553,2026-05-12 12:02:01,業績報表,20260512_120201_meta.json,./dashboard_data/snapshots/202605/20260512_120201_meta.json,schedule
20260512120201413616,2026-05-12 12:02:01,業績報表,20260512_120201_email_preview.html,./dashboard_data/snapshots/202605/20260512_120201_email_preview.html,schedule
20260512200851822663,2026-05-12 20:08:51,業績報表,df4.csv,./dashboard_data/latest/df4.csv,schedule
20260512200851829957,2026-05-12 20:08:51,業績報表,daily_df.csv,./dashboard_data/latest/daily_df.csv,schedule
20260512200851836638,2026-05-12 20:08:51,次月統計報表,next_month_daily_df.csv,./dashboard_data/latest/next_month_daily_df.csv,schedule
20260512200851842432,2026-05-12 20:08:51,業績報表,email_preview.html,./dashboard_data/latest/email_preview.html,schedule
20260512200851848349,2026-05-12 20:08:51,業績報表,meta.json,./dashboard_data/latest/meta.json,schedule
20260512200851854597,2026-05-12 20:08:51,業績報表,20260512_200851_df4.csv,./dashboard_data/snapshots/202605/20260512_200851_df4.csv,schedule
20260512200851861446,2026-05-12 20:08:51,業績報表,20260512_200851_daily_df.csv,./dashboard_data/snapshots/202605/20260512_200851_daily_df.csv,schedule
20260512200851867936,2026-05-12 20:08:51,次月統計報表,20260512_200851_next_month_daily_df.csv,./dashboard_data/snapshots/202605/20260512_200851_next_month_daily_df.csv,schedule
20260512200851873605,2026-05-12 20:08:51,業績報表,20260512_200851_meta.json,./dashboard_data/snapshots/202605/20260512_200851_meta.json,schedule
20260512200851879381,2026-05-12 20:08:51,業績報表,20260512_200851_email_preview.html,./dashboard_data/snapshots/202605/20260512_200851_email_preview.html,schedule
20260513021901192163,2026-05-13 02:19:01,業績報表,df4.csv,./dashboard_data/latest/df4.csv,schedule
20260513021901199239,2026-05-13 02:19:01,業績報表,daily_df.csv,./dashboard_data/latest/daily_df.csv,schedule
20260513021901205773,2026-05-13 02:19:01,次月統計報表,next_month_daily_df.csv,./dashboard_data/latest/next_month_daily_df.csv,schedule
20260513021901211447,2026-05-13 02:19:01,業績報表,email_preview.html,./dashboard_data/latest/email_preview.html,schedule
20260513021901217198,2026-05-13 02:19:01,業績報表,meta.json,./dashboard_data/latest/meta.json,schedule
20260513021901223363,2026-05-13 02:19:01,業績報表,20260513_021901_df4.csv,./dashboard_data/snapshots/202605/20260513_021901_df4.csv,schedule
20260513021901229920,2026-05-13 02:19:01,業績報表,20260513_021901_daily_df.csv,./dashboard_data/snapshots/202605/20260513_021901_daily_df.csv,schedule
20260513021901236296,2026-05-13 02:19:01,次月統計報表,20260513_021901_next_month_daily_df.csv,./dashboard_data/snapshots/202605/20260513_021901_next_month_daily_df.csv,schedule
20260513021901241829,2026-05-13 02:19:01,業績報表,20260513_021901_meta.json,./dashboard_data/snapshots/202605/20260513_021901_meta.json,schedule
20260513021901247395,2026-05-13 02:19:01,業績報表,20260513_021901_email_preview.html,./dashboard_data/snapshots/202605/20260513_021901_email_preview.html,schedule
20260513120951526903,2026-05-13 12:09:51,業績報表,df4.csv,./dashboard_data/latest/df4.csv,schedule
20260513120951533993,2026-05-13 12:09:51,業績報表,daily_df.csv,./dashboard_data/latest/daily_df.csv,schedule
20260513120951540499,2026-05-13 12:09:51,次月統計報表,next_month_daily_df.csv,./dashboard_data/latest/next_month_daily_df.csv,schedule
20260513120951546121,2026-05-13 12:09:51,業績報表,email_preview.html,./dashboard_data/latest/email_preview.html,schedule
20260513120951551831,2026-05-13 12:09:51,業績報表,meta.json,./dashboard_data/latest/meta.json,schedule
20260513120951557887,2026-05-13 12:09:51,業績報表,20260513_120951_df4.csv,./dashboard_data/snapshots/202605/20260513_120951_df4.csv,schedule
20260513120951564434,2026-05-13 12:09:51,業績報表,20260513_120951_daily_df.csv,./dashboard_data/snapshots/202605/20260513_120951_daily_df.csv,schedule
20260513120951570710,2026-05-13 12:09:51,次月統計報表,20260513_120951_next_month_daily_df.csv,./dashboard_data/snapshots/202605/20260513_120951_next_month_daily_df.csv,schedule
20260513120951576116,2026-05-13 12:09:51,業績報表,20260513_120951_meta.json,./dashboard_data/snapshots/202605/20260513_120951_meta.json,schedule
20260513120951581599,2026-05-13 12:09:51,業績報表,20260513_120951_email_preview.html,./dashboard_data/snapshots/202605/20260513_120951_email_preview.html,schedule
20260513202134934969,2026-05-13 20:21:34,業績報表,df4.csv,./dashboard_data/latest/df4.csv,schedule
20260513202134942266,2026-05-13 20:21:34,業績報表,daily_df.csv,./dashboard_data/latest/daily_df.csv,schedule
20260513202134949073,2026-05-13 20:21:34,次月統計報表,next_month_daily_df.csv,./dashboard_data/latest/next_month_daily_df.csv,schedule
20260513202134954898,2026-05-13 20:21:34,業績報表,email_preview.html,./dashboard_data/latest/email_preview.html,schedule
20260513202134960755,2026-05-13 20:21:34,業績報表,meta.json,./dashboard_data/latest/meta.json,schedule
20260513202134967134,2026-05-13 20:21:34,業績報表,20260513_202134_df4.csv,./dashboard_data/snapshots/202605/20260513_202134_df4.csv,schedule
20260513202134973960,2026-05-13 20:21:34,業績報表,20260513_202134_daily_df.csv,./dashboard_data/snapshots/202605/20260513_202134_daily_df.csv,schedule
20260513202134980564,2026-05-13 20:21:34,次月統計報表,20260513_202134_next_month_daily_df.csv,./dashboard_data/snapshots/202605/20260513_202134_next_month_daily_df.csv,schedule
20260513202134986354,2026-05-13 20:21:34,業績報表,20260513_202134_meta.json,./dashboard_data/snapshots/202605/20260513_202134_meta.json,schedule
20260513202134992912,2026-05-13 20:21:34,業績報表,20260513_202134_email_preview.html,./dashboard_data/snapshots/202605/20260513_202134_email_preview.html,schedule
20260514021746499165,2026-05-14 02:17:46,業績報表,df4.csv,./dashboard_data/latest/df4.csv,schedule
20260514021746506334,2026-05-14 02:17:46,業績報表,daily_df.csv,./dashboard_data/latest/daily_df.csv,schedule
20260514021746512923,2026-05-14 02:17:46,次月統計報表,next_month_daily_df.csv,./dashboard_data/latest/next_month_daily_df.csv,schedule
20260514021746518510,2026-05-14 02:17:46,業績報表,email_preview.html,./dashboard_data/latest/email_preview.html,schedule
20260514021746524211,2026-05-14 02:17:46,業績報表,meta.json,./dashboard_data/latest/meta.json,schedule
20260514021746530398,2026-05-14 02:17:46,業績報表,20260514_021746_df4.csv,./dashboard_data/snapshots/202605/20260514_021746_df4.csv,schedule
20260514021746537018,2026-05-14 02:17:46,業績報表,20260514_021746_daily_df.csv,./dashboard_data/snapshots/202605/20260514_021746_daily_df.csv,schedule
20260514021746543468,2026-05-14 02:17:46,次月統計報表,20260514_021746_next_month_daily_df.csv,./dashboard_data/snapshots/202605/20260514_021746_next_month_daily_df.csv,schedule
20260514021746549130,2026-05-14 02:17:46,業績報表,20260514_021746_meta.json,./dashboard_data/snapshots/202605/20260514_021746_meta.json,schedule
20260514021746554855,2026-05-14 02:17:46,業績報表,20260514_021746_email_preview.html,./dashboard_data/snapshots/202605/20260514_021746_email_preview.html,schedule
20260514120939273133,2026-05-14 12:09:39,業績報表,df4.csv,./dashboard_data/latest/df4.csv,schedule
20260514120939280553,2026-05-14 12:09:39,業績報表,daily_df.csv,./dashboard_data/latest/daily_df.csv,schedule
20260514120939287790,2026-05-14 12:09:39,次月統計報表,next_month_daily_df.csv,./dashboard_data/latest/next_month_daily_df.csv,schedule
20260514120939294078,2026-05-14 12:09:39,業績報表,email_preview.html,./dashboard_data/latest/email_preview.html,schedule
20260514120939300360,2026-05-14 12:09:39,業績報表,meta.json,./dashboard_data/latest/meta.json,schedule
20260514120939307092,2026-05-14 12:09:39,業績報表,20260514_120939_df4.csv,./dashboard_data/snapshots/202605/20260514_120939_df4.csv,schedule
20260514120939314287,2026-05-14 12:09:39,業績報表,20260514_120939_daily_df.csv,./dashboard_data/snapshots/202605/20260514_120939_daily_df.csv,schedule
20260514120939321297,2026-05-14 12:09:39,次月統計報表,20260514_120939_next_month_daily_df.csv,./dashboard_data/snapshots/202605/20260514_120939_next_month_daily_df.csv,schedule
20260514120939327512,2026-05-14 12:09:39,業績報表,20260514_120939_meta.json,./dashboard_data/snapshots/202605/20260514_120939_meta.json,schedule
20260514120939334858,2026-05-14 12:09:39,業績報表,20260514_120939_email_preview.html,./dashboard_data/snapshots/202605/20260514_120939_email_preview.html,schedule
20260514200514398716,2026-05-14 20:05:14,業績報表,df4.csv,./dashboard_data/latest/df4.csv,schedule
20260514200514405927,2026-05-14 20:05:14,業績報表,daily_df.csv,./dashboard_data/latest/daily_df.csv,schedule
20260514200514412769,2026-05-14 20:05:14,次月統計報表,next_month_daily_df.csv,./dashboard_data/latest/next_month_daily_df.csv,schedule
20260514200514418631,2026-05-14 20:05:14,業績報表,email_preview.html,./dashboard_data/latest/email_preview.html,schedule
20260514200514424555,2026-05-14 20:05:14,業績報表,meta.json,./dashboard_data/latest/meta.json,schedule
20260514200514430960,2026-05-14 20:05:14,業績報表,20260514_200514_df4.csv,./dashboard_data/snapshots/202605/20260514_200514_df4.csv,schedule
20260514200514437960,2026-05-14 20:05:14,業績報表,20260514_200514_daily_df.csv,./dashboard_data/snapshots/202605/20260514_200514_daily_df.csv,schedule
20260514200514444639,2026-05-14 20:05:14,次月統計報表,20260514_200514_next_month_daily_df.csv,./dashboard_data/snapshots/202605/20260514_200514_next_month_daily_df.csv,schedule
20260514200514450470,2026-05-14 20:05:14,業績報表,20260514_200514_meta.json,./dashboard_data/snapshots/202605/20260514_200514_meta.json,schedule
20260514200514456244,2026-05-14 20:05:14,業績報表,20260514_200514_email_preview.html,./dashboard_data/snapshots/202605/20260514_200514_email_preview.html,schedule
20260515020753031336,2026-05-15 02:07:53,業績報表,df4.csv,./dashboard_data/latest/df4.csv,schedule
20260515020753038621,2026-05-15 02:07:53,業績報表,daily_df.csv,./dashboard_data/latest/daily_df.csv,schedule
20260515020753045516,2026-05-15 02:07:53,次月統計報表,next_month_daily_df.csv,./dashboard_data/latest/next_month_daily_df.csv,schedule
20260515020753051223,2026-05-15 02:07:53,業績報表,email_preview.html,./dashboard_data/latest/email_preview.html,schedule
20260515020753057010,2026-05-15 02:07:53,業績報表,meta.json,./dashboard_data/latest/meta.json,schedule
20260515020753063416,2026-05-15 02:07:53,業績報表,20260515_020753_df4.csv,./dashboard_data/snapshots/202605/20260515_020753_df4.csv,schedule
20260515020753070185,2026-05-15 02:07:53,業績報表,20260515_020753_daily_df.csv,./dashboard_data/snapshots/202605/20260515_020753_daily_df.csv,schedule
20260515020753076814,2026-05-15 02:07:53,次月統計報表,20260515_020753_next_month_daily_df.csv,./dashboard_data/snapshots/202605/20260515_020753_next_month_daily_df.csv,schedule
20260515020753082604,2026-05-15 02:07:53,業績報表,20260515_020753_meta.json,./dashboard_data/snapshots/202605/20260515_020753_meta.json,schedule
20260515020753088747,2026-05-15 02:07:53,業績報表,20260515_020753_email_preview.html,./dashboard_data/snapshots/202605/20260515_020753_email_preview.html,schedule
20260515121444561230,2026-05-15 12:14:44,業績報表,df4.csv,./dashboard_data/latest/df4.csv,schedule
20260515121444568994,2026-05-15 12:14:44,業績報表,daily_df.csv,./dashboard_data/latest/daily_df.csv,schedule
20260515121444576304,2026-05-15 12:14:44,次月統計報表,next_month_daily_df.csv,./dashboard_data/latest/next_month_daily_df.csv,schedule
20260515121444582196,2026-05-15 12:14:44,業績報表,email_preview.html,./dashboard_data/latest/email_preview.html,schedule
20260515121444588219,2026-05-15 12:14:44,業績報表,meta.json,./dashboard_data/latest/meta.json,schedule
20260515121444594778,2026-05-15 12:14:44,業績報表,20260515_121444_df4.csv,./dashboard_data/snapshots/202605/20260515_121444_df4.csv,schedule
20260515121444601960,2026-05-15 12:14:44,業績報表,20260515_121444_daily_df.csv,./dashboard_data/snapshots/202605/20260515_121444_daily_df.csv,schedule
20260515121444608805,2026-05-15 12:14:44,次月統計報表,20260515_121444_next_month_daily_df.csv,./dashboard_data/snapshots/202605/20260515_121444_next_month_daily_df.csv,schedule
20260515121444614769,2026-05-15 12:14:44,業績報表,20260515_121444_meta.json,./dashboard_data/snapshots/202605/20260515_121444_meta.json,schedule
20260515121444621590,2026-05-15 12:14:44,業績報表,20260515_121444_email_preview.html,./dashboard_data/snapshots/202605/20260515_121444_email_preview.html,schedule
20260515200456797944,2026-05-15 20:04:56,業績報表,df4.csv,./dashboard_data/latest/df4.csv,schedule
20260515200456805386,2026-05-15 20:04:56,業績報表,daily_df.csv,./dashboard_data/latest/daily_df.csv,schedule
20260515200456812067,2026-05-15 20:04:56,次月統計報表,next_month_daily_df.csv,./dashboard_data/latest/next_month_daily_df.csv,schedule
20260515200456817807,2026-05-15 20:04:56,業績報表,email_preview.html,./dashboard_data/latest/email_preview.html,schedule
20260515200456823537,2026-05-15 20:04:56,業績報表,meta.json,./dashboard_data/latest/meta.json,schedule
20260515200456829659,2026-05-15 20:04:56,業績報表,20260515_200456_df4.csv,./dashboard_data/snapshots/202605/20260515_200456_df4.csv,schedule
20260515200456836402,2026-05-15 20:04:56,業績報表,20260515_200456_daily_df.csv,./dashboard_data/snapshots/202605/20260515_200456_daily_df.csv,schedule
20260515200456842769,2026-05-15 20:04:56,次月統計報表,20260515_200456_next_month_daily_df.csv,./dashboard_data/snapshots/202605/20260515_200456_next_month_daily_df.csv,schedule
20260515200456848372,2026-05-15 20:04:56,業績報表,20260515_200456_meta.json,./dashboard_data/snapshots/202605/20260515_200456_meta.json,schedule
20260515200456854114,2026-05-15 20:04:56,業績報表,20260515_200456_email_preview.html,./dashboard_data/snapshots/202605/20260515_200456_email_preview.html,schedule
20260516015318692543,2026-05-16 01:53:18,業績報表,df4.csv,./dashboard_data/latest/df4.csv,schedule
20260516015318701666,2026-05-16 01:53:18,業績報表,daily_df.csv,./dashboard_data/latest/daily_df.csv,schedule
20260516015318709924,2026-05-16 01:53:18,次月統計報表,next_month_daily_df.csv,./dashboard_data/latest/next_month_daily_df.csv,schedule
20260516015318717023,2026-05-16 01:53:18,業績報表,email_preview.html,./dashboard_data/latest/email_preview.html,schedule
20260516015318724342,2026-05-16 01:53:18,業績報表,meta.json,./dashboard_data/latest/meta.json,schedule
20260516015318732172,2026-05-16 01:53:18,業績報表,20260516_015318_df4.csv,./dashboard_data/snapshots/202605/20260516_015318_df4.csv,schedule
20260516015318740826,2026-05-16 01:53:18,業績報表,20260516_015318_daily_df.csv,./dashboard_data/snapshots/202605/20260516_015318_daily_df.csv,schedule
20260516015318748928,2026-05-16 01:53:18,次月統計報表,20260516_015318_next_month_daily_df.csv,./dashboard_data/snapshots/202605/20260516_015318_next_month_daily_df.csv,schedule
20260516015318756098,2026-05-16 01:53:18,業績報表,20260516_015318_meta.json,./dashboard_data/snapshots/202605/20260516_015318_meta.json,schedule
20260516015318763564,2026-05-16 01:53:18,業績報表,20260516_015318_email_preview.html,./dashboard_data/snapshots/202605/20260516_015318_email_preview.html,schedule
20260516115648654727,2026-05-16 11:56:48,業績報表,df4.csv,./dashboard_data/latest/df4.csv,schedule
20260516115648663555,2026-05-16 11:56:48,業績報表,daily_df.csv,./dashboard_data/latest/daily_df.csv,schedule
20260516115648671524,2026-05-16 11:56:48,次月統計報表,next_month_daily_df.csv,./dashboard_data/latest/next_month_daily_df.csv,schedule
20260516115648678475,2026-05-16 11:56:48,業績報表,email_preview.html,./dashboard_data/latest/email_preview.html,schedule
20260516115648685498,2026-05-16 11:56:48,業績報表,meta.json,./dashboard_data/latest/meta.json,schedule
20260516115648692993,2026-05-16 11:56:48,業績報表,20260516_115648_df4.csv,./dashboard_data/snapshots/202605/20260516_115648_df4.csv,schedule
20260516115648701132,2026-05-16 11:56:48,業績報表,20260516_115648_daily_df.csv,./dashboard_data/snapshots/202605/20260516_115648_daily_df.csv,schedule
20260516115648708916,2026-05-16 11:56:48,次月統計報表,20260516_115648_next_month_daily_df.csv,./dashboard_data/snapshots/202605/20260516_115648_next_month_daily_df.csv,schedule
20260516115648715837,2026-05-16 11:56:48,業績報表,20260516_115648_meta.json,./dashboard_data/snapshots/202605/20260516_115648_meta.json,schedule
20260516115648722808,2026-05-16 11:56:48,業績報表,20260516_115648_email_preview.html,./dashboard_data/snapshots/202605/20260516_115648_email_preview.html,schedule
20260516191548548323,2026-05-16 19:15:48,業績報表,df4.csv,./dashboard_data/latest/df4.csv,schedule
20260516191548557105,2026-05-16 19:15:48,業績報表,daily_df.csv,./dashboard_data/latest/daily_df.csv,schedule
20260516191548565078,2026-05-16 19:15:48,次月統計報表,next_month_daily_df.csv,./dashboard_data/latest/next_month_daily_df.csv,schedule
20260516191548572008,2026-05-16 19:15:48,業績報表,email_preview.html,./dashboard_data/latest/email_preview.html,schedule
20260516191548579078,2026-05-16 19:15:48,業績報表,meta.json,./dashboard_data/latest/meta.json,schedule
20260516191548586644,2026-05-16 19:15:48,業績報表,20260516_191548_df4.csv,./dashboard_data/snapshots/202605/20260516_191548_df4.csv,schedule
20260516191548594718,2026-05-16 19:15:48,業績報表,20260516_191548_daily_df.csv,./dashboard_data/snapshots/202605/20260516_191548_daily_df.csv,schedule
20260516191548602532,2026-05-16 19:15:48,次月統計報表,20260516_191548_next_month_daily_df.csv,./dashboard_data/snapshots/202605/20260516_191548_next_month_daily_df.csv,schedule
20260516191548609423,2026-05-16 19:15:48,業績報表,20260516_191548_meta.json,./dashboard_data/snapshots/202605/20260516_191548_meta.json,schedule
20260516191548616501,2026-05-16 19:15:48,業績報表,20260516_191548_email_preview.html,./dashboard_data/snapshots/202605/20260516_191548_email_preview.html,schedule
20260517011634189586,2026-05-17 01:16:34,業績報表,df4.csv,./dashboard_data/latest/df4.csv,schedule
20260517011634198425,2026-05-17 01:16:34,業績報表,daily_df.csv,./dashboard_data/latest/daily_df.csv,schedule
20260517011634206371,2026-05-17 01:16:34,次月統計報表,next_month_daily_df.csv,./dashboard_data/latest/next_month_daily_df.csv,schedule
20260517011634213302,2026-05-17 01:16:34,業績報表,email_preview.html,./dashboard_data/latest/email_preview.html,schedule
20260517011634220296,2026-05-17 01:16:34,業績報表,meta.json,./dashboard_data/latest/meta.json,schedule
20260517011634227703,2026-05-17 01:16:34,業績報表,20260517_011634_df4.csv,./dashboard_data/snapshots/202605/20260517_011634_df4.csv,schedule
20260517011634235840,2026-05-17 01:16:34,業績報表,20260517_011634_daily_df.csv,./dashboard_data/snapshots/202605/20260517_011634_daily_df.csv,schedule
20260517011634243742,2026-05-17 01:16:34,次月統計報表,20260517_011634_next_month_daily_df.csv,./dashboard_data/snapshots/202605/20260517_011634_next_month_daily_df.csv,schedule
20260517011634250655,2026-05-17 01:16:34,業績報表,20260517_011634_meta.json,./dashboard_data/snapshots/202605/20260517_011634_meta.json,schedule
20260517011634257582,2026-05-17 01:16:34,業績報表,20260517_011634_email_preview.html,./dashboard_data/snapshots/202605/20260517_011634_email_preview.html,schedule
20260517121647994565,2026-05-17 12:16:47,業績報表,df4.csv,./dashboard_data/latest/df4.csv,schedule
20260517121648003100,2026-05-17 12:16:48,業績報表,daily_df.csv,./dashboard_data/latest/daily_df.csv,schedule
20260517121648011086,2026-05-17 12:16:48,次月統計報表,next_month_daily_df.csv,./dashboard_data/latest/next_month_daily_df.csv,schedule
20260517121648018111,2026-05-17 12:16:48,業績報表,email_preview.html,./dashboard_data/latest/email_preview.html,schedule
20260517121648025209,2026-05-17 12:16:48,業績報表,meta.json,./dashboard_data/latest/meta.json,schedule
20260517121648032612,2026-05-17 12:16:48,業績報表,20260517_121647_df4.csv,./dashboard_data/snapshots/202605/20260517_121647_df4.csv,schedule
20260517121648040759,2026-05-17 12:16:48,業績報表,20260517_121647_daily_df.csv,./dashboard_data/snapshots/202605/20260517_121647_daily_df.csv,schedule
20260517121648048591,2026-05-17 12:16:48,次月統計報表,20260517_121647_next_month_daily_df.csv,./dashboard_data/snapshots/202605/20260517_121647_next_month_daily_df.csv,schedule
20260517121648055560,2026-05-17 12:16:48,業績報表,20260517_121647_meta.json,./dashboard_data/snapshots/202605/20260517_121647_meta.json,schedule
20260517121648062584,2026-05-17 12:16:48,業績報表,20260517_121647_email_preview.html,./dashboard_data/snapshots/202605/20260517_121647_email_preview.html,schedule
20260517192312216148,2026-05-17 19:23:12,業績報表,df4.csv,./dashboard_data/latest/df4.csv,schedule
20260517192312225383,2026-05-17 19:23:12,業績報表,daily_df.csv,./dashboard_data/latest/daily_df.csv,schedule
20260517192312233694,2026-05-17 19:23:12,次月統計報表,next_month_daily_df.csv,./dashboard_data/latest/next_month_daily_df.csv,schedule
20260517192312240982,2026-05-17 19:23:12,業績報表,email_preview.html,./dashboard_data/latest/email_preview.html,schedule
20260517192312248467,2026-05-17 19:23:12,業績報表,meta.json,./dashboard_data/latest/meta.json,schedule
20260517192312256227,2026-05-17 19:23:12,業績報表,20260517_192312_df4.csv,./dashboard_data/snapshots/202605/20260517_192312_df4.csv,schedule
20260517192312264672,2026-05-17 19:23:12,業績報表,20260517_192312_daily_df.csv,./dashboard_data/snapshots/202605/20260517_192312_daily_df.csv,schedule
20260517192312272868,2026-05-17 19:23:12,次月統計報表,20260517_192312_next_month_daily_df.csv,./dashboard_data/snapshots/202605/20260517_192312_next_month_daily_df.csv,schedule
20260517192312280232,2026-05-17 19:23:12,業績報表,20260517_192312_meta.json,./dashboard_data/snapshots/202605/20260517_192312_meta.json,schedule
20260517192312287496,2026-05-17 19:23:12,業績報表,20260517_192312_email_preview.html,./dashboard_data/snapshots/202605/20260517_192312_email_preview.html,schedule
20260518011546368448,2026-05-18 01:15:46,業績報表,df4.csv,./dashboard_data/latest/df4.csv,schedule
20260518011546377459,2026-05-18 01:15:46,業績報表,daily_df.csv,./dashboard_data/latest/daily_df.csv,schedule
20260518011546385634,2026-05-18 01:15:46,次月統計報表,next_month_daily_df.csv,./dashboard_data/latest/next_month_daily_df.csv,schedule
20260518011546392851,2026-05-18 01:15:46,業績報表,email_preview.html,./dashboard_data/latest/email_preview.html,schedule
20260518011546400221,2026-05-18 01:15:46,業績報表,meta.json,./dashboard_data/latest/meta.json,schedule
20260518011546407831,2026-05-18 01:15:46,業績報表,20260518_011546_df4.csv,./dashboard_data/snapshots/202605/20260518_011546_df4.csv,schedule
20260518011546416223,2026-05-18 01:15:46,業績報表,20260518_011546_daily_df.csv,./dashboard_data/snapshots/202605/20260518_011546_daily_df.csv,schedule
20260518011546424282,2026-05-18 01:15:46,次月統計報表,20260518_011546_next_month_daily_df.csv,./dashboard_data/snapshots/202605/20260518_011546_next_month_daily_df.csv,schedule
20260518011546431481,2026-05-18 01:15:46,業績報表,20260518_011546_meta.json,./dashboard_data/snapshots/202605/20260518_011546_meta.json,schedule
20260518011546438735,2026-05-18 01:15:46,業績報表,20260518_011546_email_preview.html,./dashboard_data/snapshots/202605/20260518_011546_email_preview.html,schedule
20260518123750197018,2026-05-18 12:37:50,業績報表,df4.csv,./dashboard_data/latest/df4.csv,schedule
20260518123750206300,2026-05-18 12:37:50,業績報表,daily_df.csv,./dashboard_data/latest/daily_df.csv,schedule
20260518123750214778,2026-05-18 12:37:50,次月統計報表,next_month_daily_df.csv,./dashboard_data/latest/next_month_daily_df.csv,schedule
20260518123750222197,2026-05-18 12:37:50,業績報表,email_preview.html,./dashboard_data/latest/email_preview.html,schedule
20260518123750229740,2026-05-18 12:37:50,業績報表,meta.json,./dashboard_data/latest/meta.json,schedule
20260518123750237842,2026-05-18 12:37:50,業績報表,20260518_123750_df4.csv,./dashboard_data/snapshots/202605/20260518_123750_df4.csv,schedule
20260518123750246398,2026-05-18 12:37:50,業績報表,20260518_123750_daily_df.csv,./dashboard_data/snapshots/202605/20260518_123750_daily_df.csv,schedule
20260518123750254635,2026-05-18 12:37:50,次月統計報表,20260518_123750_next_month_daily_df.csv,./dashboard_data/snapshots/202605/20260518_123750_next_month_daily_df.csv,schedule
20260518123750261890,2026-05-18 12:37:50,業績報表,20260518_123750_meta.json,./dashboard_data/snapshots/202605/20260518_123750_meta.json,schedule
20260518123750269119,2026-05-18 12:37:50,業績報表,20260518_123750_email_preview.html,./dashboard_data/snapshots/202605/20260518_123750_email_preview.html,schedule
20260518215838345140,2026-05-18 21:58:38,業績報表,df4.csv,./dashboard_data/latest/df4.csv,schedule
20260518215838354352,2026-05-18 21:58:38,業績報表,daily_df.csv,./dashboard_data/latest/daily_df.csv,schedule
20260518215838362745,2026-05-18 21:58:38,次月統計報表,next_month_daily_df.csv,./dashboard_data/latest/next_month_daily_df.csv,schedule
20260518215838370030,2026-05-18 21:58:38,業績報表,email_preview.html,./dashboard_data/latest/email_preview.html,schedule
20260518215838377376,2026-05-18 21:58:38,業績報表,meta.json,./dashboard_data/latest/meta.json,schedule
20260518215838385139,2026-05-18 21:58:38,業績報表,20260518_215838_df4.csv,./dashboard_data/snapshots/202605/20260518_215838_df4.csv,schedule
20260518215838393624,2026-05-18 21:58:38,業績報表,20260518_215838_daily_df.csv,./dashboard_data/snapshots/202605/20260518_215838_daily_df.csv,schedule
20260518215838401796,2026-05-18 21:58:38,次月統計報表,20260518_215838_next_month_daily_df.csv,./dashboard_data/snapshots/202605/20260518_215838_next_month_daily_df.csv,schedule
20260518215838409061,2026-05-18 21:58:38,業績報表,20260518_215838_meta.json,./dashboard_data/snapshots/202605/20260518_215838_meta.json,schedule
20260518215838416314,2026-05-18 21:58:38,業績報表,20260518_215838_email_preview.html,./dashboard_data/snapshots/202605/20260518_215838_email_preview.html,schedule
20260519021151347789,2026-05-19 02:11:51,業績報表,df4.csv,./dashboard_data/latest/df4.csv,schedule
20260519021151357472,2026-05-19 02:11:51,業績報表,daily_df.csv,./dashboard_data/latest/daily_df.csv,schedule
20260519021151366229,2026-05-19 02:11:51,次月統計報表,next_month_daily_df.csv,./dashboard_data/latest/next_month_daily_df.csv,schedule
20260519021151374000,2026-05-19 02:11:51,業績報表,email_preview.html,./dashboard_data/latest/email_preview.html,schedule
20260519021151381748,2026-05-19 02:11:51,業績報表,meta.json,./dashboard_data/latest/meta.json,schedule
20260519021151389968,2026-05-19 02:11:51,業績報表,20260519_021151_df4.csv,./dashboard_data/snapshots/202605/20260519_021151_df4.csv,schedule
20260519021151398919,2026-05-19 02:11:51,業績報表,20260519_021151_daily_df.csv,./dashboard_data/snapshots/202605/20260519_021151_daily_df.csv,schedule
20260519021151407604,2026-05-19 02:11:51,次月統計報表,20260519_021151_next_month_daily_df.csv,./dashboard_data/snapshots/202605/20260519_021151_next_month_daily_df.csv,schedule
20260519021151415241,2026-05-19 02:11:51,業績報表,20260519_021151_meta.json,./dashboard_data/snapshots/202605/20260519_021151_meta.json,schedule
20260519021151423047,2026-05-19 02:11:51,業績報表,20260519_021151_email_preview.html,./dashboard_data/snapshots/202605/20260519_021151_email_preview.html,schedule
20260519122157482624,2026-05-19 12:21:57,業績報表,df4.csv,./dashboard_data/latest/df4.csv,schedule
20260519122157491789,2026-05-19 12:21:57,業績報表,daily_df.csv,./dashboard_data/latest/daily_df.csv,schedule
20260519122157500359,2026-05-19 12:21:57,次月統計報表,next_month_daily_df.csv,./dashboard_data/latest/next_month_daily_df.csv,schedule
20260519122157507793,2026-05-19 12:21:57,業績報表,email_preview.html,./dashboard_data/latest/email_preview.html,schedule
20260519122157515380,2026-05-19 12:21:57,業績報表,meta.json,./dashboard_data/latest/meta.json,schedule
20260519122157523522,2026-05-19 12:21:57,業績報表,20260519_122157_df4.csv,./dashboard_data/snapshots/202605/20260519_122157_df4.csv,schedule
20260519122157532281,2026-05-19 12:21:57,業績報表,20260519_122157_daily_df.csv,./dashboard_data/snapshots/202605/20260519_122157_daily_df.csv,schedule
20260519122157540695,2026-05-19 12:21:57,次月統計報表,20260519_122157_next_month_daily_df.csv,./dashboard_data/snapshots/202605/20260519_122157_next_month_daily_df.csv,schedule
20260519122157548165,2026-05-19 12:21:57,業績報表,20260519_122157_meta.json,./dashboard_data/snapshots/202605/20260519_122157_meta.json,schedule
20260519122157555654,2026-05-19 12:21:57,業績報表,20260519_122157_email_preview.html,./dashboard_data/snapshots/202605/20260519_122157_email_preview.html,schedule
20260519205251407848,2026-05-19 20:52:51,業績報表,df4.csv,./dashboard_data/latest/df4.csv,schedule
20260519205251417123,2026-05-19 20:52:51,業績報表,daily_df.csv,./dashboard_data/latest/daily_df.csv,schedule
20260519205251425754,2026-05-19 20:52:51,次月統計報表,next_month_daily_df.csv,./dashboard_data/latest/next_month_daily_df.csv,schedule
20260519205251433178,2026-05-19 20:52:51,業績報表,email_preview.html,./dashboard_data/latest/email_preview.html,schedule
20260519205251440696,2026-05-19 20:52:51,業績報表,meta.json,./dashboard_data/latest/meta.json,schedule
20260519205251448653,2026-05-19 20:52:51,業績報表,20260519_205251_df4.csv,./dashboard_data/snapshots/202605/20260519_205251_df4.csv,schedule
20260519205251457346,2026-05-19 20:52:51,業績報表,20260519_205251_daily_df.csv,./dashboard_data/snapshots/202605/20260519_205251_daily_df.csv,schedule
20260519205251465725,2026-05-19 20:52:51,次月統計報表,20260519_205251_next_month_daily_df.csv,./dashboard_data/snapshots/202605/20260519_205251_next_month_daily_df.csv,schedule
20260519205251473110,2026-05-19 20:52:51,業績報表,20260519_205251_meta.json,./dashboard_data/snapshots/202605/20260519_205251_meta.json,schedule
20260519205251480594,2026-05-19 20:52:51,業績報表,20260519_205251_email_preview.html,./dashboard_data/snapshots/202605/20260519_205251_email_preview.html,schedule
20260520021627678837,2026-05-20 02:16:27,業績報表,df4.csv,./dashboard_data/latest/df4.csv,schedule
20260520021627688287,2026-05-20 02:16:27,業績報表,daily_df.csv,./dashboard_data/latest/daily_df.csv,schedule
20260520021627696868,2026-05-20 02:16:27,次月統計報表,next_month_daily_df.csv,./dashboard_data/latest/next_month_daily_df.csv,schedule
20260520021627704237,2026-05-20 02:16:27,業績報表,email_preview.html,./dashboard_data/latest/email_preview.html,schedule
20260520021627711694,2026-05-20 02:16:27,業績報表,meta.json,./dashboard_data/latest/meta.json,schedule
20260520021627719548,2026-05-20 02:16:27,業績報表,20260520_021627_df4.csv,./dashboard_data/snapshots/202605/20260520_021627_df4.csv,schedule
20260520021627728240,2026-05-20 02:16:27,業績報表,20260520_021627_daily_df.csv,./dashboard_data/snapshots/202605/20260520_021627_daily_df.csv,schedule
20260520021627736561,2026-05-20 02:16:27,次月統計報表,20260520_021627_next_month_daily_df.csv,./dashboard_data/snapshots/202605/20260520_021627_next_month_daily_df.csv,schedule
20260520021627743899,2026-05-20 02:16:27,業績報表,20260520_021627_meta.json,./dashboard_data/snapshots/202605/20260520_021627_meta.json,schedule
20260520021627751399,2026-05-20 02:16:27,業績報表,20260520_021627_email_preview.html,./dashboard_data/snapshots/202605/20260520_021627_email_preview.html,schedule
20260520122339957628,2026-05-20 12:23:39,業績報表,df4.csv,./dashboard_data/latest/df4.csv,schedule
20260520122339966859,2026-05-20 12:23:39,業績報表,daily_df.csv,./dashboard_data/latest/daily_df.csv,schedule
20260520122339975335,2026-05-20 12:23:39,次月統計報表,next_month_daily_df.csv,./dashboard_data/latest/next_month_daily_df.csv,schedule
20260520122339982821,2026-05-20 12:23:39,業績報表,email_preview.html,./dashboard_data/latest/email_preview.html,schedule
20260520122339990329,2026-05-20 12:23:39,業績報表,meta.json,./dashboard_data/latest/meta.json,schedule
20260520122339998309,2026-05-20 12:23:39,業績報表,20260520_122339_df4.csv,./dashboard_data/snapshots/202605/20260520_122339_df4.csv,schedule
20260520122340006959,2026-05-20 12:23:40,業績報表,20260520_122339_daily_df.csv,./dashboard_data/snapshots/202605/20260520_122339_daily_df.csv,schedule
20260520122340015467,2026-05-20 12:23:40,次月統計報表,20260520_122339_next_month_daily_df.csv,./dashboard_data/snapshots/202605/20260520_122339_next_month_daily_df.csv,schedule
20260520122340022820,2026-05-20 12:23:40,業績報表,20260520_122339_meta.json,./dashboard_data/snapshots/202605/20260520_122339_meta.json,schedule
20260520122340030301,2026-05-20 12:23:40,業績報表,20260520_122339_email_preview.html,./dashboard_data/snapshots/202605/20260520_122339_email_preview.html,schedule
20260520203739664405,2026-05-20 20:37:39,業績報表,df4.csv,./dashboard_data/latest/df4.csv,schedule
20260520203739673766,2026-05-20 20:37:39,業績報表,daily_df.csv,./dashboard_data/latest/daily_df.csv,schedule
20260520203739682449,2026-05-20 20:37:39,次月統計報表,next_month_daily_df.csv,./dashboard_data/latest/next_month_daily_df.csv,schedule
20260520203739690061,2026-05-20 20:37:39,業績報表,email_preview.html,./dashboard_data/latest/email_preview.html,schedule
20260520203739697681,2026-05-20 20:37:39,業績報表,meta.json,./dashboard_data/latest/meta.json,schedule
20260520203739705604,2026-05-20 20:37:39,業績報表,20260520_203739_df4.csv,./dashboard_data/snapshots/202605/20260520_203739_df4.csv,schedule
20260520203739714328,2026-05-20 20:37:39,業績報表,20260520_203739_daily_df.csv,./dashboard_data/snapshots/202605/20260520_203739_daily_df.csv,schedule
20260520203739722846,2026-05-20 20:37:39,次月統計報表,20260520_203739_next_month_daily_df.csv,./dashboard_data/snapshots/202605/20260520_203739_next_month_daily_df.csv,schedule
20260520203739730310,2026-05-20 20:37:39,業績報表,20260520_203739_meta.json,./dashboard_data/snapshots/202605/20260520_203739_meta.json,schedule
20260520203739737836,2026-05-20 20:37:39,業績報表,20260520_203739_email_preview.html,./dashboard_data/snapshots/202605/20260520_203739_email_preview.html,schedule
20260521023319375361,2026-05-21 02:33:19,業績報表,df4.csv,./dashboard_data/latest/df4.csv,schedule
20260521023319385349,2026-05-21 02:33:19,業績報表,daily_df.csv,./dashboard_data/latest/daily_df.csv,schedule
20260521023319394445,2026-05-21 02:33:19,次月統計報表,next_month_daily_df.csv,./dashboard_data/latest/next_month_daily_df.csv,schedule
20260521023319402307,2026-05-21 02:33:19,業績報表,email_preview.html,./dashboard_data/latest/email_preview.html,schedule
20260521023319410209,2026-05-21 02:33:19,業績報表,meta.json,./dashboard_data/latest/meta.json,schedule
20260521023319418545,2026-05-21 02:33:19,業績報表,20260521_023319_df4.csv,./dashboard_data/snapshots/202605/20260521_023319_df4.csv,schedule
20260521023319427736,2026-05-21 02:33:19,業績報表,20260521_023319_daily_df.csv,./dashboard_data/snapshots/202605/20260521_023319_daily_df.csv,schedule
20260521023319436623,2026-05-21 02:33:19,次月統計報表,20260521_023319_next_month_daily_df.csv,./dashboard_data/snapshots/202605/20260521_023319_next_month_daily_df.csv,schedule
20260521023319444476,2026-05-21 02:33:19,業績報表,20260521_023319_meta.json,./dashboard_data/snapshots/202605/20260521_023319_meta.json,schedule
20260521023319452473,2026-05-21 02:33:19,業績報表,20260521_023319_email_preview.html,./dashboard_data/snapshots/202605/20260521_023319_email_preview.html,schedule
20260521124034945352,2026-05-21 12:40:34,業績報表,df4.csv,./dashboard_data/latest/df4.csv,schedule
20260521124034955289,2026-05-21 12:40:34,業績報表,daily_df.csv,./dashboard_data/latest/daily_df.csv,schedule
20260521124034964473,2026-05-21 12:40:34,次月統計報表,next_month_daily_df.csv,./dashboard_data/latest/next_month_daily_df.csv,schedule
20260521124034972583,2026-05-21 12:40:34,業績報表,email_preview.html,./dashboard_data/latest/email_preview.html,schedule
20260521124034980677,2026-05-21 12:40:34,業績報表,meta.json,./dashboard_data/latest/meta.json,schedule
20260521124034989223,2026-05-21 12:40:34,業績報表,20260521_124034_df4.csv,./dashboard_data/snapshots/202605/20260521_124034_df4.csv,schedule
20260521124034998633,2026-05-21 12:40:34,業績報表,20260521_124034_daily_df.csv,./dashboard_data/snapshots/202605/20260521_124034_daily_df.csv,schedule
20260521124035007613,2026-05-21 12:40:35,次月統計報表,20260521_124034_next_month_daily_df.csv,./dashboard_data/snapshots/202605/20260521_124034_next_month_daily_df.csv,schedule
20260521124035015690,2026-05-21 12:40:35,業績報表,20260521_124034_meta.json,./dashboard_data/snapshots/202605/20260521_124034_meta.json,schedule
20260521124035023799,2026-05-21 12:40:35,業績報表,20260521_124034_email_preview.html,./dashboard_data/snapshots/202605/20260521_124034_email_preview.html,schedule
20260521213042160178,2026-05-21 21:30:42,業績報表,df4.csv,./dashboard_data/latest/df4.csv,schedule
20260521213042170670,2026-05-21 21:30:42,業績報表,daily_df.csv,./dashboard_data/latest/daily_df.csv,schedule
20260521213042180178,2026-05-21 21:30:42,次月統計報表,next_month_daily_df.csv,./dashboard_data/latest/next_month_daily_df.csv,schedule
20260521213042188502,2026-05-21 21:30:42,業績報表,email_preview.html,./dashboard_data/latest/email_preview.html,schedule
20260521213042197023,2026-05-21 21:30:42,業績報表,meta.json,./dashboard_data/latest/meta.json,schedule
20260521213042206141,2026-05-21 21:30:42,業績報表,20260521_213042_df4.csv,./dashboard_data/snapshots/202605/20260521_213042_df4.csv,schedule
20260521213042215839,2026-05-21 21:30:42,業績報表,20260521_213042_daily_df.csv,./dashboard_data/snapshots/202605/20260521_213042_daily_df.csv,schedule
20260521213042226087,2026-05-21 21:30:42,次月統計報表,20260521_213042_next_month_daily_df.csv,./dashboard_data/snapshots/202605/20260521_213042_next_month_daily_df.csv,schedule
20260521213042234531,2026-05-21 21:30:42,業績報表,20260521_213042_meta.json,./dashboard_data/snapshots/202605/20260521_213042_meta.json,schedule
20260521213042242759,2026-05-21 21:30:42,業績報表,20260521_213042_email_preview.html,./dashboard_data/snapshots/202605/20260521_213042_email_preview.html,schedule
20260522021419636583,2026-05-22 02:14:19,業績報表,df4.csv,./dashboard_data/latest/df4.csv,schedule
20260522021419647662,2026-05-22 02:14:19,業績報表,daily_df.csv,./dashboard_data/latest/daily_df.csv,schedule
20260522021419657846,2026-05-22 02:14:19,次月統計報表,next_month_daily_df.csv,./dashboard_data/latest/next_month_daily_df.csv,schedule
20260522021419666783,2026-05-22 02:14:19,業績報表,email_preview.html,./dashboard_data/latest/email_preview.html,schedule
20260522021419675924,2026-05-22 02:14:19,業績報表,meta.json,./dashboard_data/latest/meta.json,schedule
20260522021419685423,2026-05-22 02:14:19,業績報表,20260522_021419_df4.csv,./dashboard_data/snapshots/202605/20260522_021419_df4.csv,schedule
20260522021419695924,2026-05-22 02:14:19,業績報表,20260522_021419_daily_df.csv,./dashboard_data/snapshots/202605/20260522_021419_daily_df.csv,schedule
20260522021419706275,2026-05-22 02:14:19,次月統計報表,20260522_021419_next_month_daily_df.csv,./dashboard_data/snapshots/202605/20260522_021419_next_month_daily_df.csv,schedule
20260522021419715431,2026-05-22 02:14:19,業績報表,20260522_021419_meta.json,./dashboard_data/snapshots/202605/20260522_021419_meta.json,schedule
20260522021419724612,2026-05-22 02:14:19,業績報表,20260522_021419_email_preview.html,./dashboard_data/snapshots/202605/20260522_021419_email_preview.html,schedule
20260522122508280725,2026-05-22 12:25:08,業績報表,df4.csv,./dashboard_data/latest/df4.csv,schedule
20260522122508290896,2026-05-22 12:25:08,業績報表,daily_df.csv,./dashboard_data/latest/daily_df.csv,schedule
20260522122508300252,2026-05-22 12:25:08,次月統計報表,next_month_daily_df.csv,./dashboard_data/latest/next_month_daily_df.csv,schedule
20260522122508308453,2026-05-22 12:25:08,業績報表,email_preview.html,./dashboard_data/latest/email_preview.html,schedule
20260522122508316676,2026-05-22 12:25:08,業績報表,meta.json,./dashboard_data/latest/meta.json,schedule
20260522122508325496,2026-05-22 12:25:08,業績報表,20260522_122508_df4.csv,./dashboard_data/snapshots/202605/20260522_122508_df4.csv,schedule
20260522122508335189,2026-05-22 12:25:08,業績報表,20260522_122508_daily_df.csv,./dashboard_data/snapshots/202605/20260522_122508_daily_df.csv,schedule
20260522122508344480,2026-05-22 12:25:08,次月統計報表,20260522_122508_next_month_daily_df.csv,./dashboard_data/snapshots/202605/20260522_122508_next_month_daily_df.csv,schedule
20260522122508352579,2026-05-22 12:25:08,業績報表,20260522_122508_meta.json,./dashboard_data/snapshots/202605/20260522_122508_meta.json,schedule
20260522122508360793,2026-05-22 12:25:08,業績報表,20260522_122508_email_preview.html,./dashboard_data/snapshots/202605/20260522_122508_email_preview.html,schedule
20260522203327613867,2026-05-22 20:33:27,業績報表,df4.csv,./dashboard_data/latest/df4.csv,schedule
20260522203327623653,2026-05-22 20:33:27,業績報表,daily_df.csv,./dashboard_data/latest/daily_df.csv,schedule
20260522203327632621,2026-05-22 20:33:27,次月統計報表,next_month_daily_df.csv,./dashboard_data/latest/next_month_daily_df.csv,schedule
20260522203327640461,2026-05-22 20:33:27,業績報表,email_preview.html,./dashboard_data/latest/email_preview.html,schedule
20260522203327648345,2026-05-22 20:33:27,業績報表,meta.json,./dashboard_data/latest/meta.json,schedule
20260522203327656675,2026-05-22 20:33:27,業績報表,20260522_203327_df4.csv,./dashboard_data/snapshots/202605/20260522_203327_df4.csv,schedule
20260522203327665833,2026-05-22 20:33:27,業績報表,20260522_203327_daily_df.csv,./dashboard_data/snapshots/202605/20260522_203327_daily_df.csv,schedule
20260522203327674629,2026-05-22 20:33:27,次月統計報表,20260522_203327_next_month_daily_df.csv,./dashboard_data/snapshots/202605/20260522_203327_next_month_daily_df.csv,schedule
20260522203327682398,2026-05-22 20:33:27,業績報表,20260522_203327_meta.json,./dashboard_data/snapshots/202605/20260522_203327_meta.json,schedule
20260522203327690824,2026-05-22 20:33:27,業績報表,20260522_203327_email_preview.html,./dashboard_data/snapshots/202605/20260522_203327_email_preview.html,schedule
20260523020542281850,2026-05-23 02:05:42,業績報表,df4.csv,./dashboard_data/latest/df4.csv,schedule
20260523020542291179,2026-05-23 02:05:42,業績報表,daily_df.csv,./dashboard_data/latest/daily_df.csv,schedule
20260523020542299550,2026-05-23 02:05:42,次月統計報表,next_month_daily_df.csv,./dashboard_data/latest/next_month_daily_df.csv,schedule
20260523020542306731,2026-05-23 02:05:42,業績報表,email_preview.html,./dashboard_data/latest/email_preview.html,schedule
20260523020542314129,2026-05-23 02:05:42,業績報表,meta.json,./dashboard_data/latest/meta.json,schedule
20260523020542322117,2026-05-23 02:05:42,業績報表,20260523_020542_df4.csv,./dashboard_data/snapshots/202605/20260523_020542_df4.csv,schedule
20260523020542331028,2026-05-23 02:05:42,業績報表,20260523_020542_daily_df.csv,./dashboard_data/snapshots/202605/20260523_020542_daily_df.csv,schedule
20260523020542339364,2026-05-23 02:05:42,次月統計報表,20260523_020542_next_month_daily_df.csv,./dashboard_data/snapshots/202605/20260523_020542_next_month_daily_df.csv,schedule
20260523020542346641,2026-05-23 02:05:42,業績報表,20260523_020542_meta.json,./dashboard_data/snapshots/202605/20260523_020542_meta.json,schedule
20260523020542354597,2026-05-23 02:05:42,業績報表,20260523_020542_email_preview.html,./dashboard_data/snapshots/202605/20260523_020542_email_preview.html,schedule
20260523120457081271,2026-05-23 12:04:57,業績報表,df4.csv,./dashboard_data/latest/df4.csv,schedule
20260523120457091299,2026-05-23 12:04:57,業績報表,daily_df.csv,./dashboard_data/latest/daily_df.csv,schedule
20260523120457101083,2026-05-23 12:04:57,次月統計報表,next_month_daily_df.csv,./dashboard_data/latest/next_month_daily_df.csv,schedule
20260523120457109557,2026-05-23 12:04:57,業績報表,email_preview.html,./dashboard_data/latest/email_preview.html,schedule
20260523120457118165,2026-05-23 12:04:57,業績報表,meta.json,./dashboard_data/latest/meta.json,schedule
20260523120457127186,2026-05-23 12:04:57,業績報表,20260523_120457_df4.csv,./dashboard_data/snapshots/202605/20260523_120457_df4.csv,schedule
20260523120457136989,2026-05-23 12:04:57,業績報表,20260523_120457_daily_df.csv,./dashboard_data/snapshots/202605/20260523_120457_daily_df.csv,schedule
20260523120457146408,2026-05-23 12:04:57,次月統計報表,20260523_120457_next_month_daily_df.csv,./dashboard_data/snapshots/202605/20260523_120457_next_month_daily_df.csv,schedule
20260523120457154774,2026-05-23 12:04:57,業績報表,20260523_120457_meta.json,./dashboard_data/snapshots/202605/20260523_120457_meta.json,schedule
20260523120457163214,2026-05-23 12:04:57,業績報表,20260523_120457_email_preview.html,./dashboard_data/snapshots/202605/20260523_120457_email_preview.html,schedule
20260523192448747506,2026-05-23 19:24:48,業績報表,df4.csv,./dashboard_data/latest/df4.csv,schedule
20260523192448757583,2026-05-23 19:24:48,業績報表,daily_df.csv,./dashboard_data/latest/daily_df.csv,schedule
20260523192448767171,2026-05-23 19:24:48,次月統計報表,next_month_daily_df.csv,./dashboard_data/latest/next_month_daily_df.csv,schedule
20260523192448775517,2026-05-23 19:24:48,業績報表,email_preview.html,./dashboard_data/latest/email_preview.html,schedule
20260523192448784056,2026-05-23 19:24:48,業績報表,meta.json,./dashboard_data/latest/meta.json,schedule
20260523192448792876,2026-05-23 19:24:48,業績報表,20260523_192448_df4.csv,./dashboard_data/snapshots/202605/20260523_192448_df4.csv,schedule
20260523192448802506,2026-05-23 19:24:48,業績報表,20260523_192448_daily_df.csv,./dashboard_data/snapshots/202605/20260523_192448_daily_df.csv,schedule
20260523192448811843,2026-05-23 19:24:48,次月統計報表,20260523_192448_next_month_daily_df.csv,./dashboard_data/snapshots/202605/20260523_192448_next_month_daily_df.csv,schedule
20260523192448820031,2026-05-23 19:24:48,業績報表,20260523_192448_meta.json,./dashboard_data/snapshots/202605/20260523_192448_meta.json,schedule
20260523192448828437,2026-05-23 19:24:48,業績報表,20260523_192448_email_preview.html,./dashboard_data/snapshots/202605/20260523_192448_email_preview.html,schedule
20260524011824978271,2026-05-24 01:18:24,業績報表,df4.csv,./dashboard_data/latest/df4.csv,schedule
20260524011824986139,2026-05-24 01:18:24,業績報表,daily_df.csv,./dashboard_data/latest/daily_df.csv,schedule
20260524011824993656,2026-05-24 01:18:24,次月統計報表,next_month_daily_df.csv,./dashboard_data/latest/next_month_daily_df.csv,schedule
20260524011825000154,2026-05-24 01:18:25,業績報表,email_preview.html,./dashboard_data/latest/email_preview.html,schedule
20260524011825006706,2026-05-24 01:18:25,業績報表,meta.json,./dashboard_data/latest/meta.json,schedule
20260524011825013598,2026-05-24 01:18:25,業績報表,20260524_011824_df4.csv,./dashboard_data/snapshots/202605/20260524_011824_df4.csv,schedule
20260524011825021156,2026-05-24 01:18:25,業績報表,20260524_011824_daily_df.csv,./dashboard_data/snapshots/202605/20260524_011824_daily_df.csv,schedule
20260524011825040851,2026-05-24 01:18:25,次月統計報表,20260524_011824_next_month_daily_df.csv,./dashboard_data/snapshots/202605/20260524_011824_next_month_daily_df.csv,schedule
20260524011825047311,2026-05-24 01:18:25,業績報表,20260524_011824_meta.json,./dashboard_data/snapshots/202605/20260524_011824_meta.json,schedule
20260524011825053772,2026-05-24 01:18:25,業績報表,20260524_011824_email_preview.html,./dashboard_data/snapshots/202605/20260524_011824_email_preview.html,schedule
20260524122515388981,2026-05-24 12:25:15,業績報表,df4.csv,./dashboard_data/latest/df4.csv,schedule
20260524122515399334,2026-05-24 12:25:15,業績報表,daily_df.csv,./dashboard_data/latest/daily_df.csv,schedule
20260524122515409457,2026-05-24 12:25:15,次月統計報表,next_month_daily_df.csv,./dashboard_data/latest/next_month_daily_df.csv,schedule
20260524122515418350,2026-05-24 12:25:15,業績報表,email_preview.html,./dashboard_data/latest/email_preview.html,schedule
20260524122515427358,2026-05-24 12:25:15,業績報表,meta.json,./dashboard_data/latest/meta.json,schedule
20260524122515436826,2026-05-24 12:25:15,業績報表,20260524_122515_df4.csv,./dashboard_data/snapshots/202605/20260524_122515_df4.csv,schedule
20260524122515447157,2026-05-24 12:25:15,業績報表,20260524_122515_daily_df.csv,./dashboard_data/snapshots/202605/20260524_122515_daily_df.csv,schedule
20260524122515457093,2026-05-24 12:25:15,次月統計報表,20260524_122515_next_month_daily_df.csv,./dashboard_data/snapshots/202605/20260524_122515_next_month_daily_df.csv,schedule
20260524122515465958,2026-05-24 12:25:15,業績報表,20260524_122515_meta.json,./dashboard_data/snapshots/202605/20260524_122515_meta.json,schedule
20260524122515474784,2026-05-24 12:25:15,業績報表,20260524_122515_email_preview.html,./dashboard_data/snapshots/202605/20260524_122515_email_preview.html,schedule
20260524193904556238,2026-05-24 19:39:04,業績報表,df4.csv,./dashboard_data/latest/df4.csv,schedule
20260524193904566868,2026-05-24 19:39:04,業績報表,daily_df.csv,./dashboard_data/latest/daily_df.csv,schedule
20260524193904576867,2026-05-24 19:39:04,次月統計報表,next_month_daily_df.csv,./dashboard_data/latest/next_month_daily_df.csv,schedule
20260524193904585600,2026-05-24 19:39:04,業績報表,email_preview.html,./dashboard_data/latest/email_preview.html,schedule
20260524193904594446,2026-05-24 19:39:04,業績報表,meta.json,./dashboard_data/latest/meta.json,schedule
20260524193904603659,2026-05-24 19:39:04,業績報表,20260524_193904_df4.csv,./dashboard_data/snapshots/202605/20260524_193904_df4.csv,schedule
20260524193904613846,2026-05-24 19:39:04,業績報表,20260524_193904_daily_df.csv,./dashboard_data/snapshots/202605/20260524_193904_daily_df.csv,schedule
20260524193904623687,2026-05-24 19:39:04,次月統計報表,20260524_193904_next_month_daily_df.csv,./dashboard_data/snapshots/202605/20260524_193904_next_month_daily_df.csv,schedule
20260524193904632546,2026-05-24 19:39:04,業績報表,20260524_193904_meta.json,./dashboard_data/snapshots/202605/20260524_193904_meta.json,schedule
20260524193904641454,2026-05-24 19:39:04,業績報表,20260524_193904_email_preview.html,./dashboard_data/snapshots/202605/20260524_193904_email_preview.html,schedule
20260525011704859299,2026-05-25 01:17:04,業績報表,df4.csv,./dashboard_data/latest/df4.csv,schedule
20260525011704869252,2026-05-25 01:17:04,業績報表,daily_df.csv,./dashboard_data/latest/daily_df.csv,schedule
20260525011704878789,2026-05-25 01:17:04,次月統計報表,next_month_daily_df.csv,./dashboard_data/latest/next_month_daily_df.csv,schedule
20260525011704886925,2026-05-25 01:17:04,業績報表,email_preview.html,./dashboard_data/latest/email_preview.html,schedule
20260525011704895104,2026-05-25 01:17:04,業績報表,meta.json,./dashboard_data/latest/meta.json,schedule
20260525011704903732,2026-05-25 01:17:04,業績報表,20260525_011704_df4.csv,./dashboard_data/snapshots/202605/20260525_011704_df4.csv,schedule
20260525011704913322,2026-05-25 01:17:04,業績報表,20260525_011704_daily_df.csv,./dashboard_data/snapshots/202605/20260525_011704_daily_df.csv,schedule
20260525011704922496,2026-05-25 01:17:04,次月統計報表,20260525_011704_next_month_daily_df.csv,./dashboard_data/snapshots/202605/20260525_011704_next_month_daily_df.csv,schedule
20260525011704930528,2026-05-25 01:17:04,業績報表,20260525_011704_meta.json,./dashboard_data/snapshots/202605/20260525_011704_meta.json,schedule
20260525011704941106,2026-05-25 01:17:04,業績報表,20260525_011704_email_preview.html,./dashboard_data/snapshots/202605/20260525_011704_email_preview.html,schedule
20260525124720634662,2026-05-25 12:47:20,業績報表,df4.csv,./dashboard_data/latest/df4.csv,schedule
20260525124720644029,2026-05-25 12:47:20,業績報表,daily_df.csv,./dashboard_data/latest/daily_df.csv,schedule
20260525124720653300,2026-05-25 12:47:20,次月統計報表,next_month_daily_df.csv,./dashboard_data/latest/next_month_daily_df.csv,schedule
20260525124720661342,2026-05-25 12:47:20,業績報表,email_preview.html,./dashboard_data/latest/email_preview.html,schedule
20260525124720669307,2026-05-25 12:47:20,業績報表,meta.json,./dashboard_data/latest/meta.json,schedule
20260525124720677703,2026-05-25 12:47:20,業績報表,20260525_124720_df4.csv,./dashboard_data/snapshots/202605/20260525_124720_df4.csv,schedule
20260525124720687018,2026-05-25 12:47:20,業績報表,20260525_124720_daily_df.csv,./dashboard_data/snapshots/202605/20260525_124720_daily_df.csv,schedule
20260525124720696075,2026-05-25 12:47:20,次月統計報表,20260525_124720_next_month_daily_df.csv,./dashboard_data/snapshots/202605/20260525_124720_next_month_daily_df.csv,schedule
20260525124720703795,2026-05-25 12:47:20,業績報表,20260525_124720_meta.json,./dashboard_data/snapshots/202605/20260525_124720_meta.json,schedule
20260525124720711675,2026-05-25 12:47:20,業績報表,20260525_124720_email_preview.html,./dashboard_data/snapshots/202605/20260525_124720_email_preview.html,schedule
20260525213957055593,2026-05-25 21:39:57,業績報表,df4.csv,./dashboard_data/latest/df4.csv,schedule
20260525213957067270,2026-05-25 21:39:57,業績報表,daily_df.csv,./dashboard_data/latest/daily_df.csv,schedule
20260525213957078550,2026-05-25 21:39:57,次月統計報表,next_month_daily_df.csv,./dashboard_data/latest/next_month_daily_df.csv,schedule
20260525213957088336,2026-05-25 21:39:57,業績報表,email_preview.html,./dashboard_data/latest/email_preview.html,schedule
20260525213957098338,2026-05-25 21:39:57,業績報表,meta.json,./dashboard_data/latest/meta.json,schedule
20260525213957108480,2026-05-25 21:39:57,業績報表,20260525_213957_df4.csv,./dashboard_data/snapshots/202605/20260525_213957_df4.csv,schedule
20260525213957119714,2026-05-25 21:39:57,業績報表,20260525_213957_daily_df.csv,./dashboard_data/snapshots/202605/20260525_213957_daily_df.csv,schedule
20260525213957130747,2026-05-25 21:39:57,次月統計報表,20260525_213957_next_month_daily_df.csv,./dashboard_data/snapshots/202605/20260525_213957_next_month_daily_df.csv,schedule
20260525213957140562,2026-05-25 21:39:57,業績報表,20260525_213957_meta.json,./dashboard_data/snapshots/202605/20260525_213957_meta.json,schedule
20260525213957150500,2026-05-25 21:39:57,業績報表,20260525_213957_email_preview.html,./dashboard_data/snapshots/202605/20260525_213957_email_preview.html,schedule
20260526015909577471,2026-05-26 01:59:09,業績報表,df4.csv,./dashboard_data/latest/df4.csv,schedule
20260526015909587779,2026-05-26 01:59:09,業績報表,daily_df.csv,./dashboard_data/latest/daily_df.csv,schedule
20260526015909597591,2026-05-26 01:59:09,次月統計報表,next_month_daily_df.csv,./dashboard_data/latest/next_month_daily_df.csv,schedule
20260526015909606014,2026-05-26 01:59:09,業績報表,email_preview.html,./dashboard_data/latest/email_preview.html,schedule
20260526015909614459,2026-05-26 01:59:09,業績報表,meta.json,./dashboard_data/latest/meta.json,schedule
20260526015909623433,2026-05-26 01:59:09,業績報表,20260526_015909_df4.csv,./dashboard_data/snapshots/202605/20260526_015909_df4.csv,schedule
20260526015909633216,2026-05-26 01:59:09,業績報表,20260526_015909_daily_df.csv,./dashboard_data/snapshots/202605/20260526_015909_daily_df.csv,schedule
20260526015909642779,2026-05-26 01:59:09,次月統計報表,20260526_015909_next_month_daily_df.csv,./dashboard_data/snapshots/202605/20260526_015909_next_month_daily_df.csv,schedule
20260526015909651173,2026-05-26 01:59:09,業績報表,20260526_015909_meta.json,./dashboard_data/snapshots/202605/20260526_015909_meta.json,schedule
20260526015909659535,2026-05-26 01:59:09,業績報表,20260526_015909_email_preview.html,./dashboard_data/snapshots/202605/20260526_015909_email_preview.html,schedule
20260526122216751421,2026-05-26 12:22:16,業績報表,df4.csv,./dashboard_data/latest/df4.csv,schedule
20260526122216762011,2026-05-26 12:22:16,業績報表,daily_df.csv,./dashboard_data/latest/daily_df.csv,schedule
20260526122216772047,2026-05-26 12:22:16,次月統計報表,next_month_daily_df.csv,./dashboard_data/latest/next_month_daily_df.csv,schedule
20260526122216780844,2026-05-26 12:22:16,業績報表,email_preview.html,./dashboard_data/latest/email_preview.html,schedule
20260526122216789743,2026-05-26 12:22:16,業績報表,meta.json,./dashboard_data/latest/meta.json,schedule
20260526122216799045,2026-05-26 12:22:16,業績報表,20260526_122216_df4.csv,./dashboard_data/snapshots/202605/20260526_122216_df4.csv,schedule
20260526122216809154,2026-05-26 12:22:16,業績報表,20260526_122216_daily_df.csv,./dashboard_data/snapshots/202605/20260526_122216_daily_df.csv,schedule
20260526122216819117,2026-05-26 12:22:16,次月統計報表,20260526_122216_next_month_daily_df.csv,./dashboard_data/snapshots/202605/20260526_122216_next_month_daily_df.csv,schedule
20260526122216827789,2026-05-26 12:22:16,業績報表,20260526_122216_meta.json,./dashboard_data/snapshots/202605/20260526_122216_meta.json,schedule
20260526122216836651,2026-05-26 12:22:16,業績報表,20260526_122216_email_preview.html,./dashboard_data/snapshots/202605/20260526_122216_email_preview.html,schedule
20260527023754412157,2026-05-27 02:37:54,業績報表,df4.csv,./dashboard_data/latest/df4.csv,schedule
20260527023754422763,2026-05-27 02:37:54,業績報表,daily_df.csv,./dashboard_data/latest/daily_df.csv,schedule
20260527023754432929,2026-05-27 02:37:54,次月統計報表,next_month_daily_df.csv,./dashboard_data/latest/next_month_daily_df.csv,schedule
20260527023754441626,2026-05-27 02:37:54,業績報表,email_preview.html,./dashboard_data/latest/email_preview.html,schedule
20260527023754450514,2026-05-27 02:37:54,業績報表,meta.json,./dashboard_data/latest/meta.json,schedule
20260527023754459807,2026-05-27 02:37:54,業績報表,20260527_023754_df4.csv,./dashboard_data/snapshots/202605/20260527_023754_df4.csv,schedule
20260527023754470102,2026-05-27 02:37:54,業績報表,20260527_023754_daily_df.csv,./dashboard_data/snapshots/202605/20260527_023754_daily_df.csv,schedule
20260527023754479987,2026-05-27 02:37:54,次月統計報表,20260527_023754_next_month_daily_df.csv,./dashboard_data/snapshots/202605/20260527_023754_next_month_daily_df.csv,schedule
20260527023754488787,2026-05-27 02:37:54,業績報表,20260527_023754_meta.json,./dashboard_data/snapshots/202605/20260527_023754_meta.json,schedule
20260527023754497506,2026-05-27 02:37:54,業績報表,20260527_023754_email_preview.html,./dashboard_data/snapshots/202605/20260527_023754_email_preview.html,schedule
20260527124516975577,2026-05-27 12:45:16,業績報表,df4.csv,./dashboard_data/latest/df4.csv,schedule
20260527124516985956,2026-05-27 12:45:16,業績報表,daily_df.csv,./dashboard_data/latest/daily_df.csv,schedule
20260527124516996035,2026-05-27 12:45:16,次月統計報表,next_month_daily_df.csv,./dashboard_data/latest/next_month_daily_df.csv,schedule
20260527124517004916,2026-05-27 12:45:17,業績報表,email_preview.html,./dashboard_data/latest/email_preview.html,schedule
20260527124517014001,2026-05-27 12:45:17,業績報表,meta.json,./dashboard_data/latest/meta.json,schedule
20260527124517023344,2026-05-27 12:45:17,業績報表,20260527_124516_df4.csv,./dashboard_data/snapshots/202605/20260527_124516_df4.csv,schedule
20260527124517033487,2026-05-27 12:45:17,業績報表,20260527_124516_daily_df.csv,./dashboard_data/snapshots/202605/20260527_124516_daily_df.csv,schedule
20260527124517043418,2026-05-27 12:45:17,次月統計報表,20260527_124516_next_month_daily_df.csv,./dashboard_data/snapshots/202605/20260527_124516_next_month_daily_df.csv,schedule
20260527124517052215,2026-05-27 12:45:17,業績報表,20260527_124516_meta.json,./dashboard_data/snapshots/202605/20260527_124516_meta.json,schedule
20260527124517063934,2026-05-27 12:45:17,業績報表,20260527_124516_email_preview.html,./dashboard_data/snapshots/202605/20260527_124516_email_preview.html,schedule
20260527214414110760,2026-05-27 21:44:14,業績報表,df4.csv,./dashboard_data/latest/df4.csv,schedule
20260527214414121933,2026-05-27 21:44:14,業績報表,daily_df.csv,./dashboard_data/latest/daily_df.csv,schedule
20260527214414132633,2026-05-27 21:44:14,次月統計報表,next_month_daily_df.csv,./dashboard_data/latest/next_month_daily_df.csv,schedule
20260527214414141966,2026-05-27 21:44:14,業績報表,email_preview.html,./dashboard_data/latest/email_preview.html,schedule
20260527214414151267,2026-05-27 21:44:14,業績報表,meta.json,./dashboard_data/latest/meta.json,schedule
20260527214414161087,2026-05-27 21:44:14,業績報表,20260527_214414_df4.csv,./dashboard_data/snapshots/202605/20260527_214414_df4.csv,schedule
20260527214414171740,2026-05-27 21:44:14,業績報表,20260527_214414_daily_df.csv,./dashboard_data/snapshots/202605/20260527_214414_daily_df.csv,schedule
20260527214414182033,2026-05-27 21:44:14,次月統計報表,20260527_214414_next_month_daily_df.csv,./dashboard_data/snapshots/202605/20260527_214414_next_month_daily_df.csv,schedule
20260527214414191120,2026-05-27 21:44:14,業績報表,20260527_214414_meta.json,./dashboard_data/snapshots/202605/20260527_214414_meta.json,schedule
20260527214414200125,2026-05-27 21:44:14,業績報表,20260527_214414_email_preview.html,./dashboard_data/snapshots/202605/20260527_214414_email_preview.html,schedule
20260528023524202914,2026-05-28 02:35:24,業績報表,df4.csv,./dashboard_data/latest/df4.csv,schedule
20260528023524214052,2026-05-28 02:35:24,業績報表,daily_df.csv,./dashboard_data/latest/daily_df.csv,schedule
20260528023524224609,2026-05-28 02:35:24,次月統計報表,next_month_daily_df.csv,./dashboard_data/latest/next_month_daily_df.csv,schedule
20260528023524233901,2026-05-28 02:35:24,業績報表,email_preview.html,./dashboard_data/latest/email_preview.html,schedule
20260528023524243093,2026-05-28 02:35:24,業績報表,meta.json,./dashboard_data/latest/meta.json,schedule
20260528023524252694,2026-05-28 02:35:24,業績報表,20260528_023524_df4.csv,./dashboard_data/snapshots/202605/20260528_023524_df4.csv,schedule
20260528023524263432,2026-05-28 02:35:24,業績報表,20260528_023524_daily_df.csv,./dashboard_data/snapshots/202605/20260528_023524_daily_df.csv,schedule
20260528023524274011,2026-05-28 02:35:24,次月統計報表,20260528_023524_next_month_daily_df.csv,./dashboard_data/snapshots/202605/20260528_023524_next_month_daily_df.csv,schedule
20260528023524283523,2026-05-28 02:35:24,業績報表,20260528_023524_meta.json,./dashboard_data/snapshots/202605/20260528_023524_meta.json,schedule
20260528023524293065,2026-05-28 02:35:24,業績報表,20260528_023524_email_preview.html,./dashboard_data/snapshots/202605/20260528_023524_email_preview.html,schedule
20260528122522753585,2026-05-28 12:25:22,業績報表,df4.csv,./dashboard_data/latest/df4.csv,schedule
20260528122522766406,2026-05-28 12:25:22,業績報表,daily_df.csv,./dashboard_data/latest/daily_df.csv,schedule
20260528122522778657,2026-05-28 12:25:22,次月統計報表,next_month_daily_df.csv,./dashboard_data/latest/next_month_daily_df.csv,schedule
20260528122522788975,2026-05-28 12:25:22,業績報表,email_preview.html,./dashboard_data/latest/email_preview.html,schedule
20260528122522798274,2026-05-28 12:25:22,業績報表,meta.json,./dashboard_data/latest/meta.json,schedule
20260528122522808049,2026-05-28 12:25:22,業績報表,20260528_122522_df4.csv,./dashboard_data/snapshots/202605/20260528_122522_df4.csv,schedule
20260528122522818951,2026-05-28 12:25:22,業績報表,20260528_122522_daily_df.csv,./dashboard_data/snapshots/202605/20260528_122522_daily_df.csv,schedule
20260528122522829291,2026-05-28 12:25:22,次月統計報表,20260528_122522_next_month_daily_df.csv,./dashboard_data/snapshots/202605/20260528_122522_next_month_daily_df.csv,schedule
20260528122522838548,2026-05-28 12:25:22,業績報表,20260528_122522_meta.json,./dashboard_data/snapshots/202605/20260528_122522_meta.json,schedule
20260528122522847801,2026-05-28 12:25:22,業績報表,20260528_122522_email_preview.html,./dashboard_data/snapshots/202605/20260528_122522_email_preview.html,schedule
20260528220433463959,2026-05-28 22:04:33,業績報表,df4.csv,./dashboard_data/latest/df4.csv,schedule
20260528220433474752,2026-05-28 22:04:33,業績報表,daily_df.csv,./dashboard_data/latest/daily_df.csv,schedule
20260528220433485215,2026-05-28 22:04:33,次月統計報表,next_month_daily_df.csv,./dashboard_data/latest/next_month_daily_df.csv,schedule
20260528220433494492,2026-05-28 22:04:33,業績報表,email_preview.html,./dashboard_data/latest/email_preview.html,schedule
20260528220433503943,2026-05-28 22:04:33,業績報表,meta.json,./dashboard_data/latest/meta.json,schedule
20260528220433513827,2026-05-28 22:04:33,業績報表,20260528_220433_df4.csv,./dashboard_data/snapshots/202605/20260528_220433_df4.csv,schedule
20260528220433525135,2026-05-28 22:04:33,業績報表,20260528_220433_daily_df.csv,./dashboard_data/snapshots/202605/20260528_220433_daily_df.csv,schedule
20260528220433536098,2026-05-28 22:04:33,次月統計報表,20260528_220433_next_month_daily_df.csv,./dashboard_data/snapshots/202605/20260528_220433_next_month_daily_df.csv,schedule
20260528220433545910,2026-05-28 22:04:33,業績報表,20260528_220433_meta.json,./dashboard_data/snapshots/202605/20260528_220433_meta.json,schedule
20260528220433555548,2026-05-28 22:04:33,業績報表,20260528_220433_email_preview.html,./dashboard_data/snapshots/202605/20260528_220433_email_preview.html,schedule
20260529024348338531,2026-05-29 02:43:48,業績報表,df4.csv,./dashboard_data/latest/df4.csv,schedule
20260529024348349673,2026-05-29 02:43:48,業績報表,daily_df.csv,./dashboard_data/latest/daily_df.csv,schedule
20260529024348360376,2026-05-29 02:43:48,次月統計報表,next_month_daily_df.csv,./dashboard_data/latest/next_month_daily_df.csv,schedule
20260529024348369563,2026-05-29 02:43:48,業績報表,email_preview.html,./dashboard_data/latest/email_preview.html,schedule
20260529024348378867,2026-05-29 02:43:48,業績報表,meta.json,./dashboard_data/latest/meta.json,schedule
20260529024348388583,2026-05-29 02:43:48,業績報表,20260529_024348_df4.csv,./dashboard_data/snapshots/202605/20260529_024348_df4.csv,schedule
20260529024348399332,2026-05-29 02:43:48,業績報表,20260529_024348_daily_df.csv,./dashboard_data/snapshots/202605/20260529_024348_daily_df.csv,schedule
20260529024348409788,2026-05-29 02:43:48,次月統計報表,20260529_024348_next_month_daily_df.csv,./dashboard_data/snapshots/202605/20260529_024348_next_month_daily_df.csv,schedule
20260529024348419011,2026-05-29 02:43:48,業績報表,20260529_024348_meta.json,./dashboard_data/snapshots/202605/20260529_024348_meta.json,schedule
20260529024348428228,2026-05-29 02:43:48,業績報表,20260529_024348_email_preview.html,./dashboard_data/snapshots/202605/20260529_024348_email_preview.html,schedule
20260529123838674430,2026-05-29 12:38:38,業績報表,df4.csv,./dashboard_data/latest/df4.csv,schedule
20260529123838685506,2026-05-29 12:38:38,業績報表,daily_df.csv,./dashboard_data/latest/daily_df.csv,schedule
20260529123838696086,2026-05-29 12:38:38,次月統計報表,next_month_daily_df.csv,./dashboard_data/latest/next_month_daily_df.csv,schedule
20260529123838705369,2026-05-29 12:38:38,業績報表,email_preview.html,./dashboard_data/latest/email_preview.html,schedule
20260529123838714587,2026-05-29 12:38:38,業績報表,meta.json,./dashboard_data/latest/meta.json,schedule
20260529123838724415,2026-05-29 12:38:38,業績報表,20260529_123838_df4.csv,./dashboard_data/snapshots/202605/20260529_123838_df4.csv,schedule
20260529123838735385,2026-05-29 12:38:38,業績報表,20260529_123838_daily_df.csv,./dashboard_data/snapshots/202605/20260529_123838_daily_df.csv,schedule
20260529123838745961,2026-05-29 12:38:38,次月統計報表,20260529_123838_next_month_daily_df.csv,./dashboard_data/snapshots/202605/20260529_123838_next_month_daily_df.csv,schedule
20260529123838755142,2026-05-29 12:38:38,業績報表,20260529_123838_meta.json,./dashboard_data/snapshots/202605/20260529_123838_meta.json,schedule
20260529123838764451,2026-05-29 12:38:38,業績報表,20260529_123838_email_preview.html,./dashboard_data/snapshots/202605/20260529_123838_email_preview.html,schedule
20260529205421109790,2026-05-29 20:54:21,業績報表,df4.csv,./dashboard_data/latest/df4.csv,schedule
20260529205421120702,2026-05-29 20:54:21,業績報表,daily_df.csv,./dashboard_data/latest/daily_df.csv,schedule
20260529205421131262,2026-05-29 20:54:21,次月統計報表,next_month_daily_df.csv,./dashboard_data/latest/next_month_daily_df.csv,schedule
20260529205421140540,2026-05-29 20:54:21,業績報表,email_preview.html,./dashboard_data/latest/email_preview.html,schedule
20260529205421149805,2026-05-29 20:54:21,業績報表,meta.json,./dashboard_data/latest/meta.json,schedule
20260529205421159528,2026-05-29 20:54:21,業績報表,20260529_205421_df4.csv,./dashboard_data/snapshots/202605/20260529_205421_df4.csv,schedule
20260529205421170327,2026-05-29 20:54:21,業績報表,20260529_205421_daily_df.csv,./dashboard_data/snapshots/202605/20260529_205421_daily_df.csv,schedule
20260529205421180815,2026-05-29 20:54:21,次月統計報表,20260529_205421_next_month_daily_df.csv,./dashboard_data/snapshots/202605/20260529_205421_next_month_daily_df.csv,schedule
20260529205421190063,2026-05-29 20:54:21,業績報表,20260529_205421_meta.json,./dashboard_data/snapshots/202605/20260529_205421_meta.json,schedule
20260529205421199334,2026-05-29 20:54:21,業績報表,20260529_205421_email_preview.html,./dashboard_data/snapshots/202605/20260529_205421_email_preview.html,schedule
20260530024302415378,2026-05-30 02:43:02,業績報表,df4.csv,./dashboard_data/latest/df4.csv,schedule
20260530024302427045,2026-05-30 02:43:02,業績報表,daily_df.csv,./dashboard_data/latest/daily_df.csv,schedule
20260530024302438138,2026-05-30 02:43:02,次月統計報表,next_month_daily_df.csv,./dashboard_data/latest/next_month_daily_df.csv,schedule
20260530024302448011,2026-05-30 02:43:02,業績報表,email_preview.html,./dashboard_data/latest/email_preview.html,schedule
20260530024302457900,2026-05-30 02:43:02,業績報表,meta.json,./dashboard_data/latest/meta.json,schedule
20260530024302468018,2026-05-30 02:43:02,業績報表,20260530_024302_df4.csv,./dashboard_data/snapshots/202605/20260530_024302_df4.csv,schedule
20260530024302479658,2026-05-30 02:43:02,業績報表,20260530_024302_daily_df.csv,./dashboard_data/snapshots/202605/20260530_024302_daily_df.csv,schedule
20260530024302490428,2026-05-30 02:43:02,次月統計報表,20260530_024302_next_month_daily_df.csv,./dashboard_data/snapshots/202605/20260530_024302_next_month_daily_df.csv,schedule
20260530024302500029,2026-05-30 02:43:02,業績報表,20260530_024302_meta.json,./dashboard_data/snapshots/202605/20260530_024302_meta.json,schedule
20260530024302509812,2026-05-30 02:43:02,業績報表,20260530_024302_email_preview.html,./dashboard_data/snapshots/202605/20260530_024302_email_preview.html,schedule
20260530121344903338,2026-05-30 12:13:44,業績報表,df4.csv,./dashboard_data/latest/df4.csv,schedule
20260530121344914472,2026-05-30 12:13:44,業績報表,daily_df.csv,./dashboard_data/latest/daily_df.csv,schedule
20260530121344925210,2026-05-30 12:13:44,次月統計報表,next_month_daily_df.csv,./dashboard_data/latest/next_month_daily_df.csv,schedule
20260530121344934555,2026-05-30 12:13:44,業績報表,email_preview.html,./dashboard_data/latest/email_preview.html,schedule
20260530121344946241,2026-05-30 12:13:44,業績報表,meta.json,./dashboard_data/latest/meta.json,schedule
20260530121344958565,2026-05-30 12:13:44,業績報表,20260530_121344_df4.csv,./dashboard_data/snapshots/202605/20260530_121344_df4.csv,schedule
20260530121344969467,2026-05-30 12:13:44,業績報表,20260530_121344_daily_df.csv,./dashboard_data/snapshots/202605/20260530_121344_daily_df.csv,schedule
20260530121344979980,2026-05-30 12:13:44,次月統計報表,20260530_121344_next_month_daily_df.csv,./dashboard_data/snapshots/202605/20260530_121344_next_month_daily_df.csv,schedule
20260530121344989404,2026-05-30 12:13:44,業績報表,20260530_121344_meta.json,./dashboard_data/snapshots/202605/20260530_121344_meta.json,schedule
20260530121344998712,2026-05-30 12:13:44,業績報表,20260530_121344_email_preview.html,./dashboard_data/snapshots/202605/20260530_121344_email_preview.html,schedule
20260530194204399991,2026-05-30 19:42:04,業績報表,df4.csv,./dashboard_data/latest/df4.csv,schedule
20260530194204411347,2026-05-30 19:42:04,業績報表,daily_df.csv,./dashboard_data/latest/daily_df.csv,schedule
20260530194204422246,2026-05-30 19:42:04,次月統計報表,next_month_daily_df.csv,./dashboard_data/latest/next_month_daily_df.csv,schedule
20260530194204431808,2026-05-30 19:42:04,業績報表,email_preview.html,./dashboard_data/latest/email_preview.html,schedule
20260530194204441354,2026-05-30 19:42:04,業績報表,meta.json,./dashboard_data/latest/meta.json,schedule
20260530194204451332,2026-05-30 19:42:04,業績報表,20260530_194204_df4.csv,./dashboard_data/snapshots/202605/20260530_194204_df4.csv,schedule
20260530194204462482,2026-05-30 19:42:04,業績報表,20260530_194204_daily_df.csv,./dashboard_data/snapshots/202605/20260530_194204_daily_df.csv,schedule
20260530194204473214,2026-05-30 19:42:04,次月統計報表,20260530_194204_next_month_daily_df.csv,./dashboard_data/snapshots/202605/20260530_194204_next_month_daily_df.csv,schedule
20260530194204482604,2026-05-30 19:42:04,業績報表,20260530_194204_meta.json,./dashboard_data/snapshots/202605/20260530_194204_meta.json,schedule
20260530194204492154,2026-05-30 19:42:04,業績報表,20260530_194204_email_preview.html,./dashboard_data/snapshots/202605/20260530_194204_email_preview.html,schedule
20260531013105232436,2026-05-31 01:31:05,月底快照,month_end_summary.csv,./dashboard_data/daily_overview_history/month_end_summary.csv,schedule
20260531013105242502,2026-05-31 01:31:05,月底快照,20260531_month_end_summary.csv,./dashboard_data/snapshots/202605/20260531_month_end_summary.csv,schedule
20260531013105257514,2026-05-31 01:31:05,業績報表,df4.csv,./dashboard_data/latest/df4.csv,schedule
20260531013105268580,2026-05-31 01:31:05,業績報表,daily_df.csv,./dashboard_data/latest/daily_df.csv,schedule
20260531013105279431,2026-05-31 01:31:05,次月統計報表,next_month_daily_df.csv,./dashboard_data/latest/next_month_daily_df.csv,schedule
20260531013105289551,2026-05-31 01:31:05,月底快照,month_end_summary.csv,./dashboard_data/latest/month_end_summary.csv,schedule
20260531013105299113,2026-05-31 01:31:05,業績報表,email_preview.html,./dashboard_data/latest/email_preview.html,schedule
20260531013105308640,2026-05-31 01:31:05,業績報表,meta.json,./dashboard_data/latest/meta.json,schedule
20260531013105318455,2026-05-31 01:31:05,業績報表,20260531_013105_df4.csv,./dashboard_data/snapshots/202605/20260531_013105_df4.csv,schedule
20260531013105329341,2026-05-31 01:31:05,業績報表,20260531_013105_daily_df.csv,./dashboard_data/snapshots/202605/20260531_013105_daily_df.csv,schedule
20260531013105339927,2026-05-31 01:31:05,次月統計報表,20260531_013105_next_month_daily_df.csv,./dashboard_data/snapshots/202605/20260531_013105_next_month_daily_df.csv,schedule
20260531013105349963,2026-05-31 01:31:05,月底快照,20260531_013105_month_end_summary.csv,./dashboard_data/snapshots/202605/20260531_013105_month_end_summary.csv,schedule
20260531013105360402,2026-05-31 01:31:05,業績報表,20260531_013105_meta.json,./dashboard_data/snapshots/202605/20260531_013105_meta.json,schedule
20260531013105370251,2026-05-31 01:31:05,業績報表,20260531_013105_email_preview.html,./dashboard_data/snapshots/202605/20260531_013105_email_preview.html,schedule
20260531124737513510,2026-05-31 12:47:37,月底快照,month_end_summary.csv,./dashboard_data/daily_overview_history/month_end_summary.csv,schedule
20260531124737523610,2026-05-31 12:47:37,月底快照,20260531_month_end_summary.csv,./dashboard_data/snapshots/202605/20260531_month_end_summary.csv,schedule
20260531124737537770,2026-05-31 12:47:37,業績報表,df4.csv,./dashboard_data/latest/df4.csv,schedule
20260531124737547960,2026-05-31 12:47:37,業績報表,daily_df.csv,./dashboard_data/latest/daily_df.csv,schedule
20260531124737557927,2026-05-31 12:47:37,次月統計報表,next_month_daily_df.csv,./dashboard_data/latest/next_month_daily_df.csv,schedule
20260531124737566937,2026-05-31 12:47:37,月底快照,month_end_summary.csv,./dashboard_data/latest/month_end_summary.csv,schedule
20260531124737575393,2026-05-31 12:47:37,業績報表,email_preview.html,./dashboard_data/latest/email_preview.html,schedule
20260531124737583848,2026-05-31 12:47:37,業績報表,meta.json,./dashboard_data/latest/meta.json,schedule
20260531124737592648,2026-05-31 12:47:37,業績報表,20260531_124737_df4.csv,./dashboard_data/snapshots/202605/20260531_124737_df4.csv,schedule
20260531124737602629,2026-05-31 12:47:37,業績報表,20260531_124737_daily_df.csv,./dashboard_data/snapshots/202605/20260531_124737_daily_df.csv,schedule
20260531124737612378,2026-05-31 12:47:37,次月統計報表,20260531_124737_next_month_daily_df.csv,./dashboard_data/snapshots/202605/20260531_124737_next_month_daily_df.csv,schedule
20260531124737621248,2026-05-31 12:47:37,月底快照,20260531_124737_month_end_summary.csv,./dashboard_data/snapshots/202605/20260531_124737_month_end_summary.csv,schedule
20260531124737629596,2026-05-31 12:47:37,業績報表,20260531_124737_meta.json,./dashboard_data/snapshots/202605/20260531_124737_meta.json,schedule
20260531124737637851,2026-05-31 12:47:37,業績報表,20260531_124737_email_preview.html,./dashboard_data/snapshots/202605/20260531_124737_email_preview.html,schedule
20260531194842894537,2026-05-31 19:48:42,月底快照,month_end_summary.csv,./dashboard_data/daily_overview_history/month_end_summary.csv,schedule
20260531194842904642,2026-05-31 19:48:42,月底快照,20260531_month_end_summary.csv,./dashboard_data/snapshots/202605/20260531_month_end_summary.csv,schedule
20260531194842919475,2026-05-31 19:48:42,業績報表,df4.csv,./dashboard_data/latest/df4.csv,schedule
20260531194842930714,2026-05-31 19:48:42,業績報表,daily_df.csv,./dashboard_data/latest/daily_df.csv,schedule
20260531194842941460,2026-05-31 19:48:42,次月統計報表,next_month_daily_df.csv,./dashboard_data/latest/next_month_daily_df.csv,schedule
20260531194842951486,2026-05-31 19:48:42,月底快照,month_end_summary.csv,./dashboard_data/latest/month_end_summary.csv,schedule
20260531194842960900,2026-05-31 19:48:42,業績報表,email_preview.html,./dashboard_data/latest/email_preview.html,schedule
20260531194842970423,2026-05-31 19:48:42,業績報表,meta.json,./dashboard_data/latest/meta.json,schedule
20260531194842980329,2026-05-31 19:48:42,業績報表,20260531_194842_df4.csv,./dashboard_data/snapshots/202605/20260531_194842_df4.csv,schedule
20260531194842991292,2026-05-31 19:48:42,業績報表,20260531_194842_daily_df.csv,./dashboard_data/snapshots/202605/20260531_194842_daily_df.csv,schedule
20260531194843001948,2026-05-31 19:48:43,次月統計報表,20260531_194842_next_month_daily_df.csv,./dashboard_data/snapshots/202605/20260531_194842_next_month_daily_df.csv,schedule
20260531194843011862,2026-05-31 19:48:43,月底快照,20260531_194842_month_end_summary.csv,./dashboard_data/snapshots/202605/20260531_194842_month_end_summary.csv,schedule
20260531194843021296,2026-05-31 19:48:43,業績報表,20260531_194842_meta.json,./dashboard_data/snapshots/202605/20260531_194842_meta.json,schedule
20260531194843030719,2026-05-31 19:48:43,業績報表,20260531_194842_email_preview.html,./dashboard_data/snapshots/202605/20260531_194842_email_preview.html,schedule
20260601013123694973,2026-06-01 01:31:23,業績報表,df4.csv,./dashboard_data/latest/df4.csv,schedule
20260601013123706596,2026-06-01 01:31:23,業績報表,daily_df.csv,./dashboard_data/latest/daily_df.csv,schedule
20260601013123717184,2026-06-01 01:31:23,次月統計報表,next_month_daily_df.csv,./dashboard_data/latest/next_month_daily_df.csv,schedule
20260601013123726480,2026-06-01 01:31:23,業績報表,email_preview.html,./dashboard_data/latest/email_preview.html,schedule
20260601013123735745,2026-06-01 01:31:23,業績報表,meta.json,./dashboard_data/latest/meta.json,schedule
20260601013123745305,2026-06-01 01:31:23,業績報表,20260601_013123_df4.csv,./dashboard_data/snapshots/202606/20260601_013123_df4.csv,schedule
20260601013123756018,2026-06-01 01:31:23,業績報表,20260601_013123_daily_df.csv,./dashboard_data/snapshots/202606/20260601_013123_daily_df.csv,schedule
20260601013123766327,2026-06-01 01:31:23,次月統計報表,20260601_013123_next_month_daily_df.csv,./dashboard_data/snapshots/202606/20260601_013123_next_month_daily_df.csv,schedule
20260601013123775429,2026-06-01 01:31:23,業績報表,20260601_013123_meta.json,./dashboard_data/snapshots/202606/20260601_013123_meta.json,schedule
20260601013123784799,2026-06-01 01:31:23,業績報表,20260601_013123_email_preview.html,./dashboard_data/snapshots/202606/20260601_013123_email_preview.html,schedule
20260601130932298463,2026-06-01 13:09:32,業績報表,df4.csv,./dashboard_data/latest/df4.csv,schedule
20260601130932310022,2026-06-01 13:09:32,業績報表,daily_df.csv,./dashboard_data/latest/daily_df.csv,schedule
20260601130932321165,2026-06-01 13:09:32,次月統計報表,next_month_daily_df.csv,./dashboard_data/latest/next_month_daily_df.csv,schedule
20260601130932330821,2026-06-01 13:09:32,業績報表,email_preview.html,./dashboard_data/latest/email_preview.html,schedule
20260601130932340569,2026-06-01 13:09:32,業績報表,meta.json,./dashboard_data/latest/meta.json,schedule
20260601130932350688,2026-06-01 13:09:32,業績報表,20260601_130932_df4.csv,./dashboard_data/snapshots/202606/20260601_130932_df4.csv,schedule
20260601130932361986,2026-06-01 13:09:32,業績報表,20260601_130932_daily_df.csv,./dashboard_data/snapshots/202606/20260601_130932_daily_df.csv,schedule
20260601130932372956,2026-06-01 13:09:32,次月統計報表,20260601_130932_next_month_daily_df.csv,./dashboard_data/snapshots/202606/20260601_130932_next_month_daily_df.csv,schedule
20260601130932382658,2026-06-01 13:09:32,業績報表,20260601_130932_meta.json,./dashboard_data/snapshots/202606/20260601_130932_meta.json,schedule
20260601130932392305,2026-06-01 13:09:32,業績報表,20260601_130932_email_preview.html,./dashboard_data/snapshots/202606/20260601_130932_email_preview.html,schedule
20260602001706613999,2026-06-02 00:17:06,業績報表,df4.csv,./dashboard_data/latest/df4.csv,schedule
20260602001706626284,2026-06-02 00:17:06,業績報表,daily_df.csv,./dashboard_data/latest/daily_df.csv,schedule
20260602001706637727,2026-06-02 00:17:06,次月統計報表,next_month_daily_df.csv,./dashboard_data/latest/next_month_daily_df.csv,schedule
20260602001706647789,2026-06-02 00:17:06,業績報表,email_preview.html,./dashboard_data/latest/email_preview.html,schedule
20260602001706657926,2026-06-02 00:17:06,業績報表,meta.json,./dashboard_data/latest/meta.json,schedule
20260602001706668275,2026-06-02 00:17:06,業績報表,20260602_001706_df4.csv,./dashboard_data/snapshots/202606/20260602_001706_df4.csv,schedule
20260602001706679878,2026-06-02 00:17:06,業績報表,20260602_001706_daily_df.csv,./dashboard_data/snapshots/202606/20260602_001706_daily_df.csv,schedule
20260602001706691157,2026-06-02 00:17:06,次月統計報表,20260602_001706_next_month_daily_df.csv,./dashboard_data/snapshots/202606/20260602_001706_next_month_daily_df.csv,schedule
20260602001706700899,2026-06-02 00:17:06,業績報表,20260602_001706_meta.json,./dashboard_data/snapshots/202606/20260602_001706_meta.json,schedule
20260602001706710693,2026-06-02 00:17:06,業績報表,20260602_001706_email_preview.html,./dashboard_data/snapshots/202606/20260602_001706_email_preview.html,schedule
20260602043604604728,2026-06-02 04:36:04,業績報表,df4.csv,./dashboard_data/latest/df4.csv,schedule
20260602043604617376,2026-06-02 04:36:04,業績報表,daily_df.csv,./dashboard_data/latest/daily_df.csv,schedule
20260602043604629258,2026-06-02 04:36:04,次月統計報表,next_month_daily_df.csv,./dashboard_data/latest/next_month_daily_df.csv,schedule
20260602043604639763,2026-06-02 04:36:04,業績報表,email_preview.html,./dashboard_data/latest/email_preview.html,schedule
20260602043604650068,2026-06-02 04:36:04,業績報表,meta.json,./dashboard_data/latest/meta.json,schedule
20260602043604660926,2026-06-02 04:36:04,業績報表,20260602_043604_df4.csv,./dashboard_data/snapshots/202606/20260602_043604_df4.csv,schedule
20260602043604673151,2026-06-02 04:36:04,業績報表,20260602_043604_daily_df.csv,./dashboard_data/snapshots/202606/20260602_043604_daily_df.csv,schedule
20260602043604684832,2026-06-02 04:36:04,次月統計報表,20260602_043604_next_month_daily_df.csv,./dashboard_data/snapshots/202606/20260602_043604_next_month_daily_df.csv,schedule
20260602043604695198,2026-06-02 04:36:04,業績報表,20260602_043604_meta.json,./dashboard_data/snapshots/202606/20260602_043604_meta.json,schedule
20260602043604705557,2026-06-02 04:36:04,業績報表,20260602_043604_email_preview.html,./dashboard_data/snapshots/202606/20260602_043604_email_preview.html,schedule
20260602125727407345,2026-06-02 12:57:27,業績報表,df4.csv,./dashboard_data/latest/df4.csv,schedule
20260602125727419124,2026-06-02 12:57:27,業績報表,daily_df.csv,./dashboard_data/latest/daily_df.csv,schedule
20260602125727430154,2026-06-02 12:57:27,次月統計報表,next_month_daily_df.csv,./dashboard_data/latest/next_month_daily_df.csv,schedule
20260602125727439681,2026-06-02 12:57:27,業績報表,email_preview.html,./dashboard_data/latest/email_preview.html,schedule
20260602125727449131,2026-06-02 12:57:27,業績報表,meta.json,./dashboard_data/latest/meta.json,schedule
20260602125727459026,2026-06-02 12:57:27,業績報表,20260602_125727_df4.csv,./dashboard_data/snapshots/202606/20260602_125727_df4.csv,schedule
20260602125727470215,2026-06-02 12:57:27,業績報表,20260602_125727_daily_df.csv,./dashboard_data/snapshots/202606/20260602_125727_daily_df.csv,schedule
20260602125727480938,2026-06-02 12:57:27,次月統計報表,20260602_125727_next_month_daily_df.csv,./dashboard_data/snapshots/202606/20260602_125727_next_month_daily_df.csv,schedule
20260602125727490265,2026-06-02 12:57:27,業績報表,20260602_125727_meta.json,./dashboard_data/snapshots/202606/20260602_125727_meta.json,schedule
20260602125727499648,2026-06-02 12:57:27,業績報表,20260602_125727_email_preview.html,./dashboard_data/snapshots/202606/20260602_125727_email_preview.html,schedule
20260602222119267986,2026-06-02 22:21:19,業績報表,df4.csv,./dashboard_data/latest/df4.csv,schedule
20260602222119280794,2026-06-02 22:21:19,業績報表,daily_df.csv,./dashboard_data/latest/daily_df.csv,schedule
20260602222119292689,2026-06-02 22:21:19,次月統計報表,next_month_daily_df.csv,./dashboard_data/latest/next_month_daily_df.csv,schedule
20260602222119302828,2026-06-02 22:21:19,業績報表,email_preview.html,./dashboard_data/latest/email_preview.html,schedule
20260602222119313040,2026-06-02 22:21:19,業績報表,meta.json,./dashboard_data/latest/meta.json,schedule
20260602222119323800,2026-06-02 22:21:19,業績報表,20260602_222119_df4.csv,./dashboard_data/snapshots/202606/20260602_222119_df4.csv,schedule
20260602222119336001,2026-06-02 22:21:19,業績報表,20260602_222119_daily_df.csv,./dashboard_data/snapshots/202606/20260602_222119_daily_df.csv,schedule
20260602222119347754,2026-06-02 22:21:19,次月統計報表,20260602_222119_next_month_daily_df.csv,./dashboard_data/snapshots/202606/20260602_222119_next_month_daily_df.csv,schedule
20260602222119357885,2026-06-02 22:21:19,業績報表,20260602_222119_meta.json,./dashboard_data/snapshots/202606/20260602_222119_meta.json,schedule
20260602222119368260,2026-06-02 22:21:19,業績報表,20260602_222119_email_preview.html,./dashboard_data/snapshots/202606/20260602_222119_email_preview.html,schedule
20260603035335693216,2026-06-03 03:53:35,業績報表,df4.csv,./dashboard_data/latest/df4.csv,schedule
20260603035335705516,2026-06-03 03:53:35,業績報表,daily_df.csv,./dashboard_data/latest/daily_df.csv,schedule
20260603035335717042,2026-06-03 03:53:35,次月統計報表,next_month_daily_df.csv,./dashboard_data/latest/next_month_daily_df.csv,schedule
20260603035335727098,2026-06-03 03:53:35,業績報表,email_preview.html,./dashboard_data/latest/email_preview.html,schedule
20260603035335737225,2026-06-03 03:53:35,業績報表,meta.json,./dashboard_data/latest/meta.json,schedule
20260603035335747930,2026-06-03 03:53:35,業績報表,20260603_035335_df4.csv,./dashboard_data/snapshots/202606/20260603_035335_df4.csv,schedule
20260603035335759688,2026-06-03 03:53:35,業績報表,20260603_035335_daily_df.csv,./dashboard_data/snapshots/202606/20260603_035335_daily_df.csv,schedule
20260603035335771024,2026-06-03 03:53:35,次月統計報表,20260603_035335_next_month_daily_df.csv,./dashboard_data/snapshots/202606/20260603_035335_next_month_daily_df.csv,schedule
20260603035335781103,2026-06-03 03:53:35,業績報表,20260603_035335_meta.json,./dashboard_data/snapshots/202606/20260603_035335_meta.json,schedule
20260603035335791218,2026-06-03 03:53:35,業績報表,20260603_035335_email_preview.html,./dashboard_data/snapshots/202606/20260603_035335_email_preview.html,schedule
20260603130732114510,2026-06-03 13:07:32,業績報表,df4.csv,./dashboard_data/latest/df4.csv,schedule
20260603130732126759,2026-06-03 13:07:32,業績報表,daily_df.csv,./dashboard_data/latest/daily_df.csv,schedule
20260603130732138422,2026-06-03 13:07:32,次月統計報表,next_month_daily_df.csv,./dashboard_data/latest/next_month_daily_df.csv,schedule
20260603130732148606,2026-06-03 13:07:32,業績報表,email_preview.html,./dashboard_data/latest/email_preview.html,schedule
20260603130732158762,2026-06-03 13:07:32,業績報表,meta.json,./dashboard_data/latest/meta.json,schedule
20260603130732169479,2026-06-03 13:07:32,業績報表,20260603_130732_df4.csv,./dashboard_data/snapshots/202606/20260603_130732_df4.csv,schedule
20260603130732181429,2026-06-03 13:07:32,業績報表,20260603_130732_daily_df.csv,./dashboard_data/snapshots/202606/20260603_130732_daily_df.csv,schedule
20260603130732192799,2026-06-03 13:07:32,次月統計報表,20260603_130732_next_month_daily_df.csv,./dashboard_data/snapshots/202606/20260603_130732_next_month_daily_df.csv,schedule
20260603130732202787,2026-06-03 13:07:32,業績報表,20260603_130732_meta.json,./dashboard_data/snapshots/202606/20260603_130732_meta.json,schedule
20260603130732212902,2026-06-03 13:07:32,業績報表,20260603_130732_email_preview.html,./dashboard_data/snapshots/202606/20260603_130732_email_preview.html,schedule
20260603225947165482,2026-06-03 22:59:47,業績報表,df4.csv,./dashboard_data/latest/df4.csv,schedule
20260603225947177664,2026-06-03 22:59:47,業績報表,daily_df.csv,./dashboard_data/latest/daily_df.csv,schedule
20260603225947189035,2026-06-03 22:59:47,次月統計報表,next_month_daily_df.csv,./dashboard_data/latest/next_month_daily_df.csv,schedule
20260603225947199079,2026-06-03 22:59:47,業績報表,email_preview.html,./dashboard_data/latest/email_preview.html,schedule
20260603225947209316,2026-06-03 22:59:47,業績報表,meta.json,./dashboard_data/latest/meta.json,schedule
20260603225947219852,2026-06-03 22:59:47,業績報表,20260603_225947_df4.csv,./dashboard_data/snapshots/202606/20260603_225947_df4.csv,schedule
20260603225947231476,2026-06-03 22:59:47,業績報表,20260603_225947_daily_df.csv,./dashboard_data/snapshots/202606/20260603_225947_daily_df.csv,schedule
20260603225947242898,2026-06-03 22:59:47,次月統計報表,20260603_225947_next_month_daily_df.csv,./dashboard_data/snapshots/202606/20260603_225947_next_month_daily_df.csv,schedule
20260603225947252884,2026-06-03 22:59:47,業績報表,20260603_225947_meta.json,./dashboard_data/snapshots/202606/20260603_225947_meta.json,schedule
20260603225947262957,2026-06-03 22:59:47,業績報表,20260603_225947_email_preview.html,./dashboard_data/snapshots/202606/20260603_225947_email_preview.html,schedule
20260604035820539118,2026-06-04 03:58:20,業績報表,df4.csv,./dashboard_data/latest/df4.csv,schedule
20260604035820551840,2026-06-04 03:58:20,業績報表,daily_df.csv,./dashboard_data/latest/daily_df.csv,schedule
20260604035820563741,2026-06-04 03:58:20,次月統計報表,next_month_daily_df.csv,./dashboard_data/latest/next_month_daily_df.csv,schedule
20260604035820574039,2026-06-04 03:58:20,業績報表,email_preview.html,./dashboard_data/latest/email_preview.html,schedule
20260604035820584435,2026-06-04 03:58:20,業績報表,meta.json,./dashboard_data/latest/meta.json,schedule
20260604035820596896,2026-06-04 03:58:20,業績報表,20260604_035820_df4.csv,./dashboard_data/snapshots/202606/20260604_035820_df4.csv,schedule
20260604035820609137,2026-06-04 03:58:20,業績報表,20260604_035820_daily_df.csv,./dashboard_data/snapshots/202606/20260604_035820_daily_df.csv,schedule
20260604035820620725,2026-06-04 03:58:20,次月統計報表,20260604_035820_next_month_daily_df.csv,./dashboard_data/snapshots/202606/20260604_035820_next_month_daily_df.csv,schedule
20260604035820631079,2026-06-04 03:58:20,業績報表,20260604_035820_meta.json,./dashboard_data/snapshots/202606/20260604_035820_meta.json,schedule
20260604035820641794,2026-06-04 03:58:20,業績報表,20260604_035820_email_preview.html,./dashboard_data/snapshots/202606/20260604_035820_email_preview.html,schedule
20260604130114138567,2026-06-04 13:01:14,業績報表,df4.csv,./dashboard_data/latest/df4.csv,schedule
20260604130114150701,2026-06-04 13:01:14,業績報表,daily_df.csv,./dashboard_data/latest/daily_df.csv,schedule
20260604130114162272,2026-06-04 13:01:14,次月統計報表,next_month_daily_df.csv,./dashboard_data/latest/next_month_daily_df.csv,schedule
20260604130114172369,2026-06-04 13:01:14,業績報表,email_preview.html,./dashboard_data/latest/email_preview.html,schedule
20260604130114182541,2026-06-04 13:01:14,業績報表,meta.json,./dashboard_data/latest/meta.json,schedule
20260604130114193126,2026-06-04 13:01:14,業績報表,20260604_130114_df4.csv,./dashboard_data/snapshots/202606/20260604_130114_df4.csv,schedule
20260604130114204915,2026-06-04 13:01:14,業績報表,20260604_130114_daily_df.csv,./dashboard_data/snapshots/202606/20260604_130114_daily_df.csv,schedule
20260604130114216420,2026-06-04 13:01:14,次月統計報表,20260604_130114_next_month_daily_df.csv,./dashboard_data/snapshots/202606/20260604_130114_next_month_daily_df.csv,schedule
20260604130114226653,2026-06-04 13:01:14,業績報表,20260604_130114_meta.json,./dashboard_data/snapshots/202606/20260604_130114_meta.json,schedule
20260604130114236753,2026-06-04 13:01:14,業績報表,20260604_130114_email_preview.html,./dashboard_data/snapshots/202606/20260604_130114_email_preview.html,schedule
20260604205312496667,2026-06-04 20:53:12,業績報表,df4.csv,./dashboard_data/latest/df4.csv,schedule
20260604205312508876,2026-06-04 20:53:12,業績報表,daily_df.csv,./dashboard_data/latest/daily_df.csv,schedule
20260604205312520690,2026-06-04 20:53:12,次月統計報表,next_month_daily_df.csv,./dashboard_data/latest/next_month_daily_df.csv,schedule
20260604205312530929,2026-06-04 20:53:12,業績報表,email_preview.html,./dashboard_data/latest/email_preview.html,schedule
20260604205312541397,2026-06-04 20:53:12,業績報表,meta.json,./dashboard_data/latest/meta.json,schedule
20260604205312552052,2026-06-04 20:53:12,業績報表,20260604_205312_df4.csv,./dashboard_data/snapshots/202606/20260604_205312_df4.csv,schedule
20260604205312563852,2026-06-04 20:53:12,業績報表,20260604_205312_daily_df.csv,./dashboard_data/snapshots/202606/20260604_205312_daily_df.csv,schedule
20260604205312575333,2026-06-04 20:53:12,次月統計報表,20260604_205312_next_month_daily_df.csv,./dashboard_data/snapshots/202606/20260604_205312_next_month_daily_df.csv,schedule
20260604205312585406,2026-06-04 20:53:12,業績報表,20260604_205312_meta.json,./dashboard_data/snapshots/202606/20260604_205312_meta.json,schedule
20260604205312595561,2026-06-04 20:53:12,業績報表,20260604_205312_email_preview.html,./dashboard_data/snapshots/202606/20260604_205312_email_preview.html,schedule
20260605022951322399,2026-06-05 02:29:51,業績報表,df4.csv,./dashboard_data/latest/df4.csv,schedule
20260605022951334653,2026-06-05 02:29:51,業績報表,daily_df.csv,./dashboard_data/latest/daily_df.csv,schedule
20260605022951345996,2026-06-05 02:29:51,次月統計報表,next_month_daily_df.csv,./dashboard_data/latest/next_month_daily_df.csv,schedule
20260605022951355870,2026-06-05 02:29:51,業績報表,email_preview.html,./dashboard_data/latest/email_preview.html,schedule
20260605022951365527,2026-06-05 02:29:51,業績報表,meta.json,./dashboard_data/latest/meta.json,schedule
20260605022951375840,2026-06-05 02:29:51,業績報表,20260605_022951_df4.csv,./dashboard_data/snapshots/202606/20260605_022951_df4.csv,schedule
20260605022951387202,2026-06-05 02:29:51,業績報表,20260605_022951_daily_df.csv,./dashboard_data/snapshots/202606/20260605_022951_daily_df.csv,schedule
20260605022951397884,2026-06-05 02:29:51,次月統計報表,20260605_022951_next_month_daily_df.csv,./dashboard_data/snapshots/202606/20260605_022951_next_month_daily_df.csv,schedule
20260605022951407392,2026-06-05 02:29:51,業績報表,20260605_022951_meta.json,./dashboard_data/snapshots/202606/20260605_022951_meta.json,schedule
20260605022951416951,2026-06-05 02:29:51,業績報表,20260605_022951_email_preview.html,./dashboard_data/snapshots/202606/20260605_022951_email_preview.html,schedule
20260605124325903155,2026-06-05 12:43:25,業績報表,df4.csv,./dashboard_data/latest/df4.csv,schedule
20260605124325915852,2026-06-05 12:43:25,業績報表,daily_df.csv,./dashboard_data/latest/daily_df.csv,schedule
20260605124325927891,2026-06-05 12:43:25,次月統計報表,next_month_daily_df.csv,./dashboard_data/latest/next_month_daily_df.csv,schedule
20260605124325938518,2026-06-05 12:43:25,業績報表,email_preview.html,./dashboard_data/latest/email_preview.html,schedule
20260605124325948933,2026-06-05 12:43:25,業績報表,meta.json,./dashboard_data/latest/meta.json,schedule
20260605124325959927,2026-06-05 12:43:25,業績報表,20260605_124325_df4.csv,./dashboard_data/snapshots/202606/20260605_124325_df4.csv,schedule
20260605124325972151,2026-06-05 12:43:25,業績報表,20260605_124325_daily_df.csv,./dashboard_data/snapshots/202606/20260605_124325_daily_df.csv,schedule
20260605124325983921,2026-06-05 12:43:25,次月統計報表,20260605_124325_next_month_daily_df.csv,./dashboard_data/snapshots/202606/20260605_124325_next_month_daily_df.csv,schedule
20260605124325994373,2026-06-05 12:43:25,業績報表,20260605_124325_meta.json,./dashboard_data/snapshots/202606/20260605_124325_meta.json,schedule
20260605124326005959,2026-06-05 12:43:26,業績報表,20260605_124325_email_preview.html,./dashboard_data/snapshots/202606/20260605_124325_email_preview.html,schedule
20260605204851623730,2026-06-05 20:48:51,業績報表,df4.csv,./dashboard_data/latest/df4.csv,schedule
20260605204851636090,2026-06-05 20:48:51,業績報表,daily_df.csv,./dashboard_data/latest/daily_df.csv,schedule
20260605204851647944,2026-06-05 20:48:51,次月統計報表,next_month_daily_df.csv,./dashboard_data/latest/next_month_daily_df.csv,schedule
20260605204851658348,2026-06-05 20:48:51,業績報表,email_preview.html,./dashboard_data/latest/email_preview.html,schedule
20260605204851668922,2026-06-05 20:48:51,業績報表,meta.json,./dashboard_data/latest/meta.json,schedule
20260605204851679933,2026-06-05 20:48:51,業績報表,20260605_204851_df4.csv,./dashboard_data/snapshots/202606/20260605_204851_df4.csv,schedule
20260605204851692157,2026-06-05 20:48:51,業績報表,20260605_204851_daily_df.csv,./dashboard_data/snapshots/202606/20260605_204851_daily_df.csv,schedule
20260605204851703761,2026-06-05 20:48:51,次月統計報表,20260605_204851_next_month_daily_df.csv,./dashboard_data/snapshots/202606/20260605_204851_next_month_daily_df.csv,schedule
20260605204851714236,2026-06-05 20:48:51,業績報表,20260605_204851_meta.json,./dashboard_data/snapshots/202606/20260605_204851_meta.json,schedule
20260605204851724766,2026-06-05 20:48:51,業績報表,20260605_204851_email_preview.html,./dashboard_data/snapshots/202606/20260605_204851_email_preview.html,schedule
20260606021218552527,2026-06-06 02:12:18,業績報表,df4.csv,./dashboard_data/latest/df4.csv,schedule
20260606021218565279,2026-06-06 02:12:18,業績報表,daily_df.csv,./dashboard_data/latest/daily_df.csv,schedule
20260606021218577212,2026-06-06 02:12:18,次月統計報表,next_month_daily_df.csv,./dashboard_data/latest/next_month_daily_df.csv,schedule
20260606021218587024,2026-06-06 02:12:18,業績報表,email_preview.html,./dashboard_data/latest/email_preview.html,schedule
20260606021218597385,2026-06-06 02:12:18,業績報表,meta.json,./dashboard_data/latest/meta.json,schedule
20260606021218608245,2026-06-06 02:12:18,業績報表,20260606_021218_df4.csv,./dashboard_data/snapshots/202606/20260606_021218_df4.csv,schedule
20260606021218620457,2026-06-06 02:12:18,業績報表,20260606_021218_daily_df.csv,./dashboard_data/snapshots/202606/20260606_021218_daily_df.csv,schedule
20260606021218632302,2026-06-06 02:12:18,次月統計報表,20260606_021218_next_month_daily_df.csv,./dashboard_data/snapshots/202606/20260606_021218_next_month_daily_df.csv,schedule
20260606021218642698,2026-06-06 02:12:18,業績報表,20260606_021218_meta.json,./dashboard_data/snapshots/202606/20260606_021218_meta.json,schedule
20260606021218653150,2026-06-06 02:12:18,業績報表,20260606_021218_email_preview.html,./dashboard_data/snapshots/202606/20260606_021218_email_preview.html,schedule
20260606121626187999,2026-06-06 12:16:26,業績報表,df4.csv,./dashboard_data/latest/df4.csv,schedule
20260606121626201160,2026-06-06 12:16:26,業績報表,daily_df.csv,./dashboard_data/latest/daily_df.csv,schedule
20260606121626214098,2026-06-06 12:16:26,次月統計報表,next_month_daily_df.csv,./dashboard_data/latest/next_month_daily_df.csv,schedule
20260606121626225347,2026-06-06 12:16:26,業績報表,email_preview.html,./dashboard_data/latest/email_preview.html,schedule
20260606121626236735,2026-06-06 12:16:26,業績報表,meta.json,./dashboard_data/latest/meta.json,schedule
20260606121626248546,2026-06-06 12:16:26,業績報表,20260606_121626_df4.csv,./dashboard_data/snapshots/202606/20260606_121626_df4.csv,schedule
20260606121626261822,2026-06-06 12:16:26,業績報表,20260606_121626_daily_df.csv,./dashboard_data/snapshots/202606/20260606_121626_daily_df.csv,schedule
20260606121626274670,2026-06-06 12:16:26,次月統計報表,20260606_121626_next_month_daily_df.csv,./dashboard_data/snapshots/202606/20260606_121626_next_month_daily_df.csv,schedule
20260606121626286071,2026-06-06 12:16:26,業績報表,20260606_121626_meta.json,./dashboard_data/snapshots/202606/20260606_121626_meta.json,schedule
20260606121626297597,2026-06-06 12:16:26,業績報表,20260606_121626_email_preview.html,./dashboard_data/snapshots/202606/20260606_121626_email_preview.html,schedule
20260606194329162506,2026-06-06 19:43:29,業績報表,df4.csv,./dashboard_data/latest/df4.csv,schedule
20260606194329175642,2026-06-06 19:43:29,業績報表,daily_df.csv,./dashboard_data/latest/daily_df.csv,schedule
20260606194329188260,2026-06-06 19:43:29,次月統計報表,next_month_daily_df.csv,./dashboard_data/latest/next_month_daily_df.csv,schedule
20260606194329199445,2026-06-06 19:43:29,業績報表,email_preview.html,./dashboard_data/latest/email_preview.html,schedule
20260606194329210457,2026-06-06 19:43:29,業績報表,meta.json,./dashboard_data/latest/meta.json,schedule
20260606194329221906,2026-06-06 19:43:29,業績報表,20260606_194329_df4.csv,./dashboard_data/snapshots/202606/20260606_194329_df4.csv,schedule
20260606194329234454,2026-06-06 19:43:29,業績報表,20260606_194329_daily_df.csv,./dashboard_data/snapshots/202606/20260606_194329_daily_df.csv,schedule
20260606194329246658,2026-06-06 19:43:29,次月統計報表,20260606_194329_next_month_daily_df.csv,./dashboard_data/snapshots/202606/20260606_194329_next_month_daily_df.csv,schedule
20260606194329257430,2026-06-06 19:43:29,業績報表,20260606_194329_meta.json,./dashboard_data/snapshots/202606/20260606_194329_meta.json,schedule
20260606194329268313,2026-06-06 19:43:29,業績報表,20260606_194329_email_preview.html,./dashboard_data/snapshots/202606/20260606_194329_email_preview.html,schedule
20260607013539698418,2026-06-07 01:35:39,業績報表,df4.csv,./dashboard_data/latest/df4.csv,schedule
20260607013539711320,2026-06-07 01:35:39,業績報表,daily_df.csv,./dashboard_data/latest/daily_df.csv,schedule
20260607013539723455,2026-06-07 01:35:39,次月統計報表,next_month_daily_df.csv,./dashboard_data/latest/next_month_daily_df.csv,schedule
20260607013539734057,2026-06-07 01:35:39,業績報表,email_preview.html,./dashboard_data/latest/email_preview.html,schedule
20260607013539744819,2026-06-07 01:35:39,業績報表,meta.json,./dashboard_data/latest/meta.json,schedule
20260607013539755804,2026-06-07 01:35:39,業績報表,20260607_013539_df4.csv,./dashboard_data/snapshots/202606/20260607_013539_df4.csv,schedule
20260607013539768080,2026-06-07 01:35:39,業績報表,20260607_013539_daily_df.csv,./dashboard_data/snapshots/202606/20260607_013539_daily_df.csv,schedule
20260607013539780077,2026-06-07 01:35:39,次月統計報表,20260607_013539_next_month_daily_df.csv,./dashboard_data/snapshots/202606/20260607_013539_next_month_daily_df.csv,schedule
20260607013539791256,2026-06-07 01:35:39,業績報表,20260607_013539_meta.json,./dashboard_data/snapshots/202606/20260607_013539_meta.json,schedule
20260607013539802118,2026-06-07 01:35:39,業績報表,20260607_013539_email_preview.html,./dashboard_data/snapshots/202606/20260607_013539_email_preview.html,schedule
20260607125241267911,2026-06-07 12:52:41,業績報表,df4.csv,./dashboard_data/latest/df4.csv,schedule
20260607125241280888,2026-06-07 12:52:41,業績報表,daily_df.csv,./dashboard_data/latest/daily_df.csv,schedule
20260607125241293217,2026-06-07 12:52:41,次月統計報表,next_month_daily_df.csv,./dashboard_data/latest/next_month_daily_df.csv,schedule
20260607125241303852,2026-06-07 12:52:41,業績報表,email_preview.html,./dashboard_data/latest/email_preview.html,schedule
20260607125241314513,2026-06-07 12:52:41,業績報表,meta.json,./dashboard_data/latest/meta.json,schedule
20260607125241325536,2026-06-07 12:52:41,業績報表,20260607_125241_df4.csv,./dashboard_data/snapshots/202606/20260607_125241_df4.csv,schedule
20260607125241338053,2026-06-07 12:52:41,業績報表,20260607_125241_daily_df.csv,./dashboard_data/snapshots/202606/20260607_125241_daily_df.csv,schedule
20260607125241349949,2026-06-07 12:52:41,次月統計報表,20260607_125241_next_month_daily_df.csv,./dashboard_data/snapshots/202606/20260607_125241_next_month_daily_df.csv,schedule
20260607125241360475,2026-06-07 12:52:41,業績報表,20260607_125241_meta.json,./dashboard_data/snapshots/202606/20260607_125241_meta.json,schedule
20260607125241371210,2026-06-07 12:52:41,業績報表,20260607_125241_email_preview.html,./dashboard_data/snapshots/202606/20260607_125241_email_preview.html,schedule
20260607200055951833,2026-06-07 20:00:55,業績報表,df4.csv,./dashboard_data/latest/df4.csv,schedule
20260607200055963815,2026-06-07 20:00:55,業績報表,daily_df.csv,./dashboard_data/latest/daily_df.csv,schedule
20260607200055974846,2026-06-07 20:00:55,次月統計報表,next_month_daily_df.csv,./dashboard_data/latest/next_month_daily_df.csv,schedule
20260607200055984392,2026-06-07 20:00:55,業績報表,email_preview.html,./dashboard_data/latest/email_preview.html,schedule
20260607200055993908,2026-06-07 20:00:55,業績報表,meta.json,./dashboard_data/latest/meta.json,schedule
20260607200056004015,2026-06-07 20:00:56,業績報表,20260607_200055_df4.csv,./dashboard_data/snapshots/202606/20260607_200055_df4.csv,schedule
20260607200056015389,2026-06-07 20:00:56,業績報表,20260607_200055_daily_df.csv,./dashboard_data/snapshots/202606/20260607_200055_daily_df.csv,schedule
20260607200056026801,2026-06-07 20:00:56,次月統計報表,20260607_200055_next_month_daily_df.csv,./dashboard_data/snapshots/202606/20260607_200055_next_month_daily_df.csv,schedule
20260607200056036294,2026-06-07 20:00:56,業績報表,20260607_200055_meta.json,./dashboard_data/snapshots/202606/20260607_200055_meta.json,schedule
20260607200056045830,2026-06-07 20:00:56,業績報表,20260607_200055_email_preview.html,./dashboard_data/snapshots/202606/20260607_200055_email_preview.html,schedule
20260608014117287643,2026-06-08 01:41:17,業績報表,df4.csv,./dashboard_data/latest/df4.csv,schedule
20260608014117300293,2026-06-08 01:41:17,業績報表,daily_df.csv,./dashboard_data/latest/daily_df.csv,schedule
20260608014117312255,2026-06-08 01:41:17,次月統計報表,next_month_daily_df.csv,./dashboard_data/latest/next_month_daily_df.csv,schedule
20260608014117322608,2026-06-08 01:41:17,業績報表,email_preview.html,./dashboard_data/latest/email_preview.html,schedule
20260608014117332890,2026-06-08 01:41:17,業績報表,meta.json,./dashboard_data/latest/meta.json,schedule
20260608014117343674,2026-06-08 01:41:17,業績報表,20260608_014117_df4.csv,./dashboard_data/snapshots/202606/20260608_014117_df4.csv,schedule
20260608014117355856,2026-06-08 01:41:17,業績報表,20260608_014117_daily_df.csv,./dashboard_data/snapshots/202606/20260608_014117_daily_df.csv,schedule
20260608014117367411,2026-06-08 01:41:17,次月統計報表,20260608_014117_next_month_daily_df.csv,./dashboard_data/snapshots/202606/20260608_014117_next_month_daily_df.csv,schedule
20260608014117377765,2026-06-08 01:41:17,業績報表,20260608_014117_meta.json,./dashboard_data/snapshots/202606/20260608_014117_meta.json,schedule
20260608014117387995,2026-06-08 01:41:17,業績報表,20260608_014117_email_preview.html,./dashboard_data/snapshots/202606/20260608_014117_email_preview.html,schedule
20260608125832303219,2026-06-08 12:58:32,業績報表,df4.csv,./dashboard_data/latest/df4.csv,schedule
20260608125832316583,2026-06-08 12:58:32,業績報表,daily_df.csv,./dashboard_data/latest/daily_df.csv,schedule
20260608125832329416,2026-06-08 12:58:32,次月統計報表,next_month_daily_df.csv,./dashboard_data/latest/next_month_daily_df.csv,schedule
20260608125832340425,2026-06-08 12:58:32,業績報表,email_preview.html,./dashboard_data/latest/email_preview.html,schedule
20260608125832351660,2026-06-08 12:58:32,業績報表,meta.json,./dashboard_data/latest/meta.json,schedule
20260608125832363047,2026-06-08 12:58:32,業績報表,20260608_125832_df4.csv,./dashboard_data/snapshots/202606/20260608_125832_df4.csv,schedule
20260608125832375687,2026-06-08 12:58:32,業績報表,20260608_125832_daily_df.csv,./dashboard_data/snapshots/202606/20260608_125832_daily_df.csv,schedule
20260608125832387785,2026-06-08 12:58:32,次月統計報表,20260608_125832_next_month_daily_df.csv,./dashboard_data/snapshots/202606/20260608_125832_next_month_daily_df.csv,schedule
20260608125832398545,2026-06-08 12:58:32,業績報表,20260608_125832_meta.json,./dashboard_data/snapshots/202606/20260608_125832_meta.json,schedule
20260608125832409210,2026-06-08 12:58:32,業績報表,20260608_125832_email_preview.html,./dashboard_data/snapshots/202606/20260608_125832_email_preview.html,schedule
20260608222143778646,2026-06-08 22:21:43,業績報表,df4.csv,./dashboard_data/latest/df4.csv,schedule
20260608222143794011,2026-06-08 22:21:43,業績報表,daily_df.csv,./dashboard_data/latest/daily_df.csv,schedule
20260608222143808571,2026-06-08 22:21:43,次月統計報表,next_month_daily_df.csv,./dashboard_data/latest/next_month_daily_df.csv,schedule
20260608222143821232,2026-06-08 22:21:43,業績報表,email_preview.html,./dashboard_data/latest/email_preview.html,schedule
20260608222143834213,2026-06-08 22:21:43,業績報表,meta.json,./dashboard_data/latest/meta.json,schedule
20260608222143848292,2026-06-08 22:21:43,業績報表,20260608_222143_df4.csv,./dashboard_data/snapshots/202606/20260608_222143_df4.csv,schedule
20260608222143863824,2026-06-08 22:21:43,業績報表,20260608_222143_daily_df.csv,./dashboard_data/snapshots/202606/20260608_222143_daily_df.csv,schedule
20260608222143878581,2026-06-08 22:21:43,次月統計報表,20260608_222143_next_month_daily_df.csv,./dashboard_data/snapshots/202606/20260608_222143_next_month_daily_df.csv,schedule
20260608222143891907,2026-06-08 22:21:43,業績報表,20260608_222143_meta.json,./dashboard_data/snapshots/202606/20260608_222143_meta.json,schedule
20260608222143905484,2026-06-08 22:21:43,業績報表,20260608_222143_email_preview.html,./dashboard_data/snapshots/202606/20260608_222143_email_preview.html,schedule
20260609023555179964,2026-06-09 02:35:55,業績報表,df4.csv,./dashboard_data/latest/df4.csv,schedule
20260609023555192495,2026-06-09 02:35:55,業績報表,daily_df.csv,./dashboard_data/latest/daily_df.csv,schedule
20260609023555204451,2026-06-09 02:35:55,次月統計報表,next_month_daily_df.csv,./dashboard_data/latest/next_month_daily_df.csv,schedule
20260609023555214937,2026-06-09 02:35:55,業績報表,email_preview.html,./dashboard_data/latest/email_preview.html,schedule
20260609023555225390,2026-06-09 02:35:55,業績報表,meta.json,./dashboard_data/latest/meta.json,schedule
20260609023555236378,2026-06-09 02:35:55,業績報表,20260609_023555_df4.csv,./dashboard_data/snapshots/202606/20260609_023555_df4.csv,schedule
20260609023555248717,2026-06-09 02:35:55,業績報表,20260609_023555_daily_df.csv,./dashboard_data/snapshots/202606/20260609_023555_daily_df.csv,schedule
20260609023555260545,2026-06-09 02:35:55,次月統計報表,20260609_023555_next_month_daily_df.csv,./dashboard_data/snapshots/202606/20260609_023555_next_month_daily_df.csv,schedule
20260609023555270732,2026-06-09 02:35:55,業績報表,20260609_023555_meta.json,./dashboard_data/snapshots/202606/20260609_023555_meta.json,schedule
20260609023555281153,2026-06-09 02:35:55,業績報表,20260609_023555_email_preview.html,./dashboard_data/snapshots/202606/20260609_023555_email_preview.html,schedule
20260609122052940612,2026-06-09 12:20:52,業績報表,df4.csv,./dashboard_data/latest/df4.csv,schedule
20260609122052954332,2026-06-09 12:20:52,業績報表,daily_df.csv,./dashboard_data/latest/daily_df.csv,schedule
20260609122052967177,2026-06-09 12:20:52,次月統計報表,next_month_daily_df.csv,./dashboard_data/latest/next_month_daily_df.csv,schedule
20260609122052978551,2026-06-09 12:20:52,業績報表,email_preview.html,./dashboard_data/latest/email_preview.html,schedule
20260609122052989966,2026-06-09 12:20:52,業績報表,meta.json,./dashboard_data/latest/meta.json,schedule
20260609122053001905,2026-06-09 12:20:53,業績報表,20260609_122052_df4.csv,./dashboard_data/snapshots/202606/20260609_122052_df4.csv,schedule
20260609122053015093,2026-06-09 12:20:53,業績報表,20260609_122052_daily_df.csv,./dashboard_data/snapshots/202606/20260609_122052_daily_df.csv,schedule
20260609122053027977,2026-06-09 12:20:53,次月統計報表,20260609_122052_next_month_daily_df.csv,./dashboard_data/snapshots/202606/20260609_122052_next_month_daily_df.csv,schedule
20260609122053039333,2026-06-09 12:20:53,業績報表,20260609_122052_meta.json,./dashboard_data/snapshots/202606/20260609_122052_meta.json,schedule
20260609122053050893,2026-06-09 12:20:53,業績報表,20260609_122052_email_preview.html,./dashboard_data/snapshots/202606/20260609_122052_email_preview.html,schedule
20260609204939315304,2026-06-09 20:49:39,業績報表,df4.csv,./dashboard_data/latest/df4.csv,schedule
20260609204939327850,2026-06-09 20:49:39,業績報表,daily_df.csv,./dashboard_data/latest/daily_df.csv,schedule
20260609204939339927,2026-06-09 20:49:39,次月統計報表,next_month_daily_df.csv,./dashboard_data/latest/next_month_daily_df.csv,schedule
20260609204939350292,2026-06-09 20:49:39,業績報表,email_preview.html,./dashboard_data/latest/email_preview.html,schedule
20260609204939360638,2026-06-09 20:49:39,業績報表,meta.json,./dashboard_data/latest/meta.json,schedule
20260609204939371440,2026-06-09 20:49:39,業績報表,20260609_204939_df4.csv,./dashboard_data/snapshots/202606/20260609_204939_df4.csv,schedule
20260609204939383647,2026-06-09 20:49:39,業績報表,20260609_204939_daily_df.csv,./dashboard_data/snapshots/202606/20260609_204939_daily_df.csv,schedule
20260609204939395387,2026-06-09 20:49:39,次月統計報表,20260609_204939_next_month_daily_df.csv,./dashboard_data/snapshots/202606/20260609_204939_next_month_daily_df.csv,schedule
20260609204939405726,2026-06-09 20:49:39,業績報表,20260609_204939_meta.json,./dashboard_data/snapshots/202606/20260609_204939_meta.json,schedule
20260609204939416147,2026-06-09 20:49:39,業績報表,20260609_204939_email_preview.html,./dashboard_data/snapshots/202606/20260609_204939_email_preview.html,schedule
20260610022141585043,2026-06-10 02:21:41,業績報表,df4.csv,./dashboard_data/latest/df4.csv,schedule
20260610022141598066,2026-06-10 02:21:41,業績報表,daily_df.csv,./dashboard_data/latest/daily_df.csv,schedule
20260610022141610561,2026-06-10 02:21:41,次月統計報表,next_month_daily_df.csv,./dashboard_data/latest/next_month_daily_df.csv,schedule
20260610022141621312,2026-06-10 02:21:41,業績報表,email_preview.html,./dashboard_data/latest/email_preview.html,schedule
20260610022141632298,2026-06-10 02:21:41,業績報表,meta.json,./dashboard_data/latest/meta.json,schedule
20260610022141643788,2026-06-10 02:21:41,業績報表,20260610_022141_df4.csv,./dashboard_data/snapshots/202606/20260610_022141_df4.csv,schedule
20260610022141657056,2026-06-10 02:21:41,業績報表,20260610_022141_daily_df.csv,./dashboard_data/snapshots/202606/20260610_022141_daily_df.csv,schedule
20260610022141669623,2026-06-10 02:21:41,次月統計報表,20260610_022141_next_month_daily_df.csv,./dashboard_data/snapshots/202606/20260610_022141_next_month_daily_df.csv,schedule
20260610022141680604,2026-06-10 02:21:41,業績報表,20260610_022141_meta.json,./dashboard_data/snapshots/202606/20260610_022141_meta.json,schedule
20260610022141691573,2026-06-10 02:21:41,業績報表,20260610_022141_email_preview.html,./dashboard_data/snapshots/202606/20260610_022141_email_preview.html,schedule
20260610124200272819,2026-06-10 12:42:00,業績報表,df4.csv,./dashboard_data/latest/df4.csv,schedule
20260610124200286186,2026-06-10 12:42:00,業績報表,daily_df.csv,./dashboard_data/latest/daily_df.csv,schedule
20260610124200298438,2026-06-10 12:42:00,次月統計報表,next_month_daily_df.csv,./dashboard_data/latest/next_month_daily_df.csv,schedule
20260610124200309028,2026-06-10 12:42:00,業績報表,email_preview.html,./dashboard_data/latest/email_preview.html,schedule
20260610124200319794,2026-06-10 12:42:00,業績報表,meta.json,./dashboard_data/latest/meta.json,schedule
20260610124200331042,2026-06-10 12:42:00,業績報表,20260610_124200_df4.csv,./dashboard_data/snapshots/202606/20260610_124200_df4.csv,schedule
20260610124200343979,2026-06-10 12:42:00,業績報表,20260610_124200_daily_df.csv,./dashboard_data/snapshots/202606/20260610_124200_daily_df.csv,schedule
20260610124200355988,2026-06-10 12:42:00,次月統計報表,20260610_124200_next_month_daily_df.csv,./dashboard_data/snapshots/202606/20260610_124200_next_month_daily_df.csv,schedule
20260610124200366456,2026-06-10 12:42:00,業績報表,20260610_124200_meta.json,./dashboard_data/snapshots/202606/20260610_124200_meta.json,schedule
20260610124200376885,2026-06-10 12:42:00,業績報表,20260610_124200_email_preview.html,./dashboard_data/snapshots/202606/20260610_124200_email_preview.html,schedule
20260610214801876608,2026-06-10 21:48:01,業績報表,df4.csv,./dashboard_data/latest/df4.csv,schedule
20260610214801890496,2026-06-10 21:48:01,業績報表,daily_df.csv,./dashboard_data/latest/daily_df.csv,schedule
20260610214801903449,2026-06-10 21:48:01,次月統計報表,next_month_daily_df.csv,./dashboard_data/latest/next_month_daily_df.csv,schedule
20260610214801914483,2026-06-10 21:48:01,業績報表,email_preview.html,./dashboard_data/latest/email_preview.html,schedule
20260610214801925718,2026-06-10 21:48:01,業績報表,meta.json,./dashboard_data/latest/meta.json,schedule
20260610214801937191,2026-06-10 21:48:01,業績報表,20260610_214801_df4.csv,./dashboard_data/snapshots/202606/20260610_214801_df4.csv,schedule
20260610214801950305,2026-06-10 21:48:01,業績報表,20260610_214801_daily_df.csv,./dashboard_data/snapshots/202606/20260610_214801_daily_df.csv,schedule
20260610214801963058,2026-06-10 21:48:01,次月統計報表,20260610_214801_next_month_daily_df.csv,./dashboard_data/snapshots/202606/20260610_214801_next_month_daily_df.csv,schedule
20260610214801974335,2026-06-10 21:48:01,業績報表,20260610_214801_meta.json,./dashboard_data/snapshots/202606/20260610_214801_meta.json,schedule
20260610214801986796,2026-06-10 21:48:01,業績報表,20260610_214801_email_preview.html,./dashboard_data/snapshots/202606/20260610_214801_email_preview.html,schedule
20260611024309856895,2026-06-11 02:43:09,業績報表,df4.csv,./dashboard_data/latest/df4.csv,schedule
20260611024309871461,2026-06-11 02:43:09,業績報表,daily_df.csv,./dashboard_data/latest/daily_df.csv,schedule
20260611024309885709,2026-06-11 02:43:09,次月統計報表,next_month_daily_df.csv,./dashboard_data/latest/next_month_daily_df.csv,schedule
20260611024309898004,2026-06-11 02:43:09,業績報表,email_preview.html,./dashboard_data/latest/email_preview.html,schedule
20260611024309910104,2026-06-11 02:43:09,業績報表,meta.json,./dashboard_data/latest/meta.json,schedule
20260611024309923355,2026-06-11 02:43:09,業績報表,20260611_024309_df4.csv,./dashboard_data/snapshots/202606/20260611_024309_df4.csv,schedule
20260611024309937805,2026-06-11 02:43:09,業績報表,20260611_024309_daily_df.csv,./dashboard_data/snapshots/202606/20260611_024309_daily_df.csv,schedule
20260611024309951981,2026-06-11 02:43:09,次月統計報表,20260611_024309_next_month_daily_df.csv,./dashboard_data/snapshots/202606/20260611_024309_next_month_daily_df.csv,schedule
20260611024309964672,2026-06-11 02:43:09,業績報表,20260611_024309_meta.json,./dashboard_data/snapshots/202606/20260611_024309_meta.json,schedule
20260611024309977280,2026-06-11 02:43:09,業績報表,20260611_024309_email_preview.html,./dashboard_data/snapshots/202606/20260611_024309_email_preview.html,schedule
20260611125542207674,2026-06-11 12:55:42,業績報表,df4.csv,./dashboard_data/latest/df4.csv,schedule
20260611125542221098,2026-06-11 12:55:42,業績報表,daily_df.csv,./dashboard_data/latest/daily_df.csv,schedule
20260611125542233740,2026-06-11 12:55:42,次月統計報表,next_month_daily_df.csv,./dashboard_data/latest/next_month_daily_df.csv,schedule
20260611125542245108,2026-06-11 12:55:42,業績報表,email_preview.html,./dashboard_data/latest/email_preview.html,schedule
20260611125542256463,2026-06-11 12:55:42,業績報表,meta.json,./dashboard_data/latest/meta.json,schedule
20260611125542268171,2026-06-11 12:55:42,業績報表,20260611_125542_df4.csv,./dashboard_data/snapshots/202606/20260611_125542_df4.csv,schedule
20260611125542281283,2026-06-11 12:55:42,業績報表,20260611_125542_daily_df.csv,./dashboard_data/snapshots/202606/20260611_125542_daily_df.csv,schedule
20260611125542294056,2026-06-11 12:55:42,次月統計報表,20260611_125542_next_month_daily_df.csv,./dashboard_data/snapshots/202606/20260611_125542_next_month_daily_df.csv,schedule
20260611125542305310,2026-06-11 12:55:42,業績報表,20260611_125542_meta.json,./dashboard_data/snapshots/202606/20260611_125542_meta.json,schedule
20260611125542316314,2026-06-11 12:55:42,業績報表,20260611_125542_email_preview.html,./dashboard_data/snapshots/202606/20260611_125542_email_preview.html,schedule
20260611221121858935,2026-06-11 22:11:21,業績報表,df4.csv,./dashboard_data/latest/df4.csv,schedule
20260611221121872187,2026-06-11 22:11:21,業績報表,daily_df.csv,./dashboard_data/latest/daily_df.csv,schedule
20260611221121884568,2026-06-11 22:11:21,次月統計報表,next_month_daily_df.csv,./dashboard_data/latest/next_month_daily_df.csv,schedule
20260611221121895523,2026-06-11 22:11:21,業績報表,email_preview.html,./dashboard_data/latest/email_preview.html,schedule
20260611221121906427,2026-06-11 22:11:21,業績報表,meta.json,./dashboard_data/latest/meta.json,schedule
20260611221121917537,2026-06-11 22:11:21,業績報表,20260611_221121_df4.csv,./dashboard_data/snapshots/202606/20260611_221121_df4.csv,schedule
20260611221121930213,2026-06-11 22:11:21,業績報表,20260611_221121_daily_df.csv,./dashboard_data/snapshots/202606/20260611_221121_daily_df.csv,schedule
20260611221121942521,2026-06-11 22:11:21,次月統計報表,20260611_221121_next_month_daily_df.csv,./dashboard_data/snapshots/202606/20260611_221121_next_month_daily_df.csv,schedule
20260611221121953199,2026-06-11 22:11:21,業績報表,20260611_221121_meta.json,./dashboard_data/snapshots/202606/20260611_221121_meta.json,schedule
20260611221121964020,2026-06-11 22:11:21,業績報表,20260611_221121_email_preview.html,./dashboard_data/snapshots/202606/20260611_221121_email_preview.html,schedule
20260612031323514226,2026-06-12 03:13:23,業績報表,df4.csv,./dashboard_data/latest/df4.csv,schedule
20260612031323527646,2026-06-12 03:13:23,業績報表,daily_df.csv,./dashboard_data/latest/daily_df.csv,schedule
20260612031323540342,2026-06-12 03:13:23,次月統計報表,next_month_daily_df.csv,./dashboard_data/latest/next_month_daily_df.csv,schedule
20260612031323551435,2026-06-12 03:13:23,業績報表,email_preview.html,./dashboard_data/latest/email_preview.html,schedule
20260612031323562431,2026-06-12 03:13:23,業績報表,meta.json,./dashboard_data/latest/meta.json,schedule
20260612031323574046,2026-06-12 03:13:23,業績報表,20260612_031323_df4.csv,./dashboard_data/snapshots/202606/20260612_031323_df4.csv,schedule
20260612031323587199,2026-06-12 03:13:23,業績報表,20260612_031323_daily_df.csv,./dashboard_data/snapshots/202606/20260612_031323_daily_df.csv,schedule
20260612031323599706,2026-06-12 03:13:23,次月統計報表,20260612_031323_next_month_daily_df.csv,./dashboard_data/snapshots/202606/20260612_031323_next_month_daily_df.csv,schedule
20260612031323610540,2026-06-12 03:13:23,業績報表,20260612_031323_meta.json,./dashboard_data/snapshots/202606/20260612_031323_meta.json,schedule
20260612031323621587,2026-06-12 03:13:23,業績報表,20260612_031323_email_preview.html,./dashboard_data/snapshots/202606/20260612_031323_email_preview.html,schedule
20260612125852119032,2026-06-12 12:58:52,業績報表,df4.csv,./dashboard_data/latest/df4.csv,schedule
20260612125852132987,2026-06-12 12:58:52,業績報表,daily_df.csv,./dashboard_data/latest/daily_df.csv,schedule
20260612125852145334,2026-06-12 12:58:52,次月統計報表,next_month_daily_df.csv,./dashboard_data/latest/next_month_daily_df.csv,schedule
20260612125852156020,2026-06-12 12:58:52,業績報表,email_preview.html,./dashboard_data/latest/email_preview.html,schedule
20260612125852166554,2026-06-12 12:58:52,業績報表,meta.json,./dashboard_data/latest/meta.json,schedule
20260612125852177899,2026-06-12 12:58:52,業績報表,20260612_125852_df4.csv,./dashboard_data/snapshots/202606/20260612_125852_df4.csv,schedule
20260612125852190459,2026-06-12 12:58:52,業績報表,20260612_125852_daily_df.csv,./dashboard_data/snapshots/202606/20260612_125852_daily_df.csv,schedule
20260612125852202777,2026-06-12 12:58:52,次月統計報表,20260612_125852_next_month_daily_df.csv,./dashboard_data/snapshots/202606/20260612_125852_next_month_daily_df.csv,schedule
20260612125852213297,2026-06-12 12:58:52,業績報表,20260612_125852_meta.json,./dashboard_data/snapshots/202606/20260612_125852_meta.json,schedule
20260612125852223939,2026-06-12 12:58:52,業績報表,20260612_125852_email_preview.html,./dashboard_data/snapshots/202606/20260612_125852_email_preview.html,schedule
20260612214024598160,2026-06-12 21:40:24,業績報表,df4.csv,./dashboard_data/latest/df4.csv,schedule
20260612214024611403,2026-06-12 21:40:24,業績報表,daily_df.csv,./dashboard_data/latest/daily_df.csv,schedule
20260612214024623860,2026-06-12 21:40:24,次月統計報表,next_month_daily_df.csv,./dashboard_data/latest/next_month_daily_df.csv,schedule
20260612214024634834,2026-06-12 21:40:24,業績報表,email_preview.html,./dashboard_data/latest/email_preview.html,schedule
20260612214024645943,2026-06-12 21:40:24,業績報表,meta.json,./dashboard_data/latest/meta.json,schedule
20260612214024657541,2026-06-12 21:40:24,業績報表,20260612_214024_df4.csv,./dashboard_data/snapshots/202606/20260612_214024_df4.csv,schedule
20260612214024670421,2026-06-12 21:40:24,業績報表,20260612_214024_daily_df.csv,./dashboard_data/snapshots/202606/20260612_214024_daily_df.csv,schedule
20260612214024682880,2026-06-12 21:40:24,次月統計報表,20260612_214024_next_month_daily_df.csv,./dashboard_data/snapshots/202606/20260612_214024_next_month_daily_df.csv,schedule
20260612214024693791,2026-06-12 21:40:24,業績報表,20260612_214024_meta.json,./dashboard_data/snapshots/202606/20260612_214024_meta.json,schedule
20260612214024704556,2026-06-12 21:40:24,業績報表,20260612_214024_email_preview.html,./dashboard_data/snapshots/202606/20260612_214024_email_preview.html,schedule
20260613022029922491,2026-06-13 02:20:29,業績報表,df4.csv,./dashboard_data/latest/df4.csv,schedule
20260613022029936860,2026-06-13 02:20:29,業績報表,daily_df.csv,./dashboard_data/latest/daily_df.csv,schedule
20260613022029950939,2026-06-13 02:20:29,次月統計報表,next_month_daily_df.csv,./dashboard_data/latest/next_month_daily_df.csv,schedule
20260613022029963124,2026-06-13 02:20:29,業績報表,email_preview.html,./dashboard_data/latest/email_preview.html,schedule
20260613022029975339,2026-06-13 02:20:29,業績報表,meta.json,./dashboard_data/latest/meta.json,schedule
20260613022029987984,2026-06-13 02:20:29,業績報表,20260613_022029_df4.csv,./dashboard_data/snapshots/202606/20260613_022029_df4.csv,schedule
20260613022030002202,2026-06-13 02:20:30,業績報表,20260613_022029_daily_df.csv,./dashboard_data/snapshots/202606/20260613_022029_daily_df.csv,schedule
20260613022030015822,2026-06-13 02:20:30,次月統計報表,20260613_022029_next_month_daily_df.csv,./dashboard_data/snapshots/202606/20260613_022029_next_month_daily_df.csv,schedule
20260613022030028259,2026-06-13 02:20:30,業績報表,20260613_022029_meta.json,./dashboard_data/snapshots/202606/20260613_022029_meta.json,schedule
20260613022030040747,2026-06-13 02:20:30,業績報表,20260613_022029_email_preview.html,./dashboard_data/snapshots/202606/20260613_022029_email_preview.html,schedule
20260613124455625468,2026-06-13 12:44:55,業績報表,df4.csv,./dashboard_data/latest/df4.csv,schedule
20260613124455639369,2026-06-13 12:44:55,業績報表,daily_df.csv,./dashboard_data/latest/daily_df.csv,schedule
20260613124455653016,2026-06-13 12:44:55,次月統計報表,next_month_daily_df.csv,./dashboard_data/latest/next_month_daily_df.csv,schedule
20260613124455664912,2026-06-13 12:44:55,業績報表,email_preview.html,./dashboard_data/latest/email_preview.html,schedule
20260613124455676935,2026-06-13 12:44:55,業績報表,meta.json,./dashboard_data/latest/meta.json,schedule
20260613124455689295,2026-06-13 12:44:55,業績報表,20260613_124455_df4.csv,./dashboard_data/snapshots/202606/20260613_124455_df4.csv,schedule
20260613124455702982,2026-06-13 12:44:55,業績報表,20260613_124455_daily_df.csv,./dashboard_data/snapshots/202606/20260613_124455_daily_df.csv,schedule
20260613124455716379,2026-06-13 12:44:55,次月統計報表,20260613_124455_next_month_daily_df.csv,./dashboard_data/snapshots/202606/20260613_124455_next_month_daily_df.csv,schedule
20260613124455728215,2026-06-13 12:44:55,業績報表,20260613_124455_meta.json,./dashboard_data/snapshots/202606/20260613_124455_meta.json,schedule
20260613124455739874,2026-06-13 12:44:55,業績報表,20260613_124455_email_preview.html,./dashboard_data/snapshots/202606/20260613_124455_email_preview.html,schedule
20260613200217528427,2026-06-13 20:02:17,業績報表,df4.csv,./dashboard_data/latest/df4.csv,schedule
20260613200217543003,2026-06-13 20:02:17,業績報表,daily_df.csv,./dashboard_data/latest/daily_df.csv,schedule
20260613200217557166,2026-06-13 20:02:17,次月統計報表,next_month_daily_df.csv,./dashboard_data/latest/next_month_daily_df.csv,schedule
20260613200217569221,2026-06-13 20:02:17,業績報表,email_preview.html,./dashboard_data/latest/email_preview.html,schedule
20260613200217581703,2026-06-13 20:02:17,業績報表,meta.json,./dashboard_data/latest/meta.json,schedule
20260613200217594456,2026-06-13 20:02:17,業績報表,20260613_200217_df4.csv,./dashboard_data/snapshots/202606/20260613_200217_df4.csv,schedule
20260613200217608680,2026-06-13 20:02:17,業績報表,20260613_200217_daily_df.csv,./dashboard_data/snapshots/202606/20260613_200217_daily_df.csv,schedule
20260613200217622304,2026-06-13 20:02:17,次月統計報表,20260613_200217_next_month_daily_df.csv,./dashboard_data/snapshots/202606/20260613_200217_next_month_daily_df.csv,schedule
20260613200217634464,2026-06-13 20:02:17,業績報表,20260613_200217_meta.json,./dashboard_data/snapshots/202606/20260613_200217_meta.json,schedule
20260613200217647077,2026-06-13 20:02:17,業績報表,20260613_200217_email_preview.html,./dashboard_data/snapshots/202606/20260613_200217_email_preview.html,schedule
20260614014649833933,2026-06-14 01:46:49,業績報表,df4.csv,./dashboard_data/latest/df4.csv,schedule
20260614014649847910,2026-06-14 01:46:49,業績報表,daily_df.csv,./dashboard_data/latest/daily_df.csv,schedule
20260614014649861507,2026-06-14 01:46:49,次月統計報表,next_month_daily_df.csv,./dashboard_data/latest/next_month_daily_df.csv,schedule
20260614014649873416,2026-06-14 01:46:49,業績報表,email_preview.html,./dashboard_data/latest/email_preview.html,schedule
20260614014649885136,2026-06-14 01:46:49,業績報表,meta.json,./dashboard_data/latest/meta.json,schedule
20260614014649897556,2026-06-14 01:46:49,業績報表,20260614_014649_df4.csv,./dashboard_data/snapshots/202606/20260614_014649_df4.csv,schedule
20260614014649911195,2026-06-14 01:46:49,業績報表,20260614_014649_daily_df.csv,./dashboard_data/snapshots/202606/20260614_014649_daily_df.csv,schedule
20260614014649924404,2026-06-14 01:46:49,次月統計報表,20260614_014649_next_month_daily_df.csv,./dashboard_data/snapshots/202606/20260614_014649_next_month_daily_df.csv,schedule
20260614014649936640,2026-06-14 01:46:49,業績報表,20260614_014649_meta.json,./dashboard_data/snapshots/202606/20260614_014649_meta.json,schedule
20260614014649948727,2026-06-14 01:46:49,業績報表,20260614_014649_email_preview.html,./dashboard_data/snapshots/202606/20260614_014649_email_preview.html,schedule
20260614130238357961,2026-06-14 13:02:38,業績報表,df4.csv,./dashboard_data/latest/df4.csv,schedule
20260614130238371857,2026-06-14 13:02:38,業績報表,daily_df.csv,./dashboard_data/latest/daily_df.csv,schedule
20260614130238385508,2026-06-14 13:02:38,次月統計報表,next_month_daily_df.csv,./dashboard_data/latest/next_month_daily_df.csv,schedule
20260614130238397423,2026-06-14 13:02:38,業績報表,email_preview.html,./dashboard_data/latest/email_preview.html,schedule
20260614130238409212,2026-06-14 13:02:38,業績報表,meta.json,./dashboard_data/latest/meta.json,schedule
20260614130238421478,2026-06-14 13:02:38,業績報表,20260614_130238_df4.csv,./dashboard_data/snapshots/202606/20260614_130238_df4.csv,schedule
20260614130238435137,2026-06-14 13:02:38,業績報表,20260614_130238_daily_df.csv,./dashboard_data/snapshots/202606/20260614_130238_daily_df.csv,schedule
20260614130238448713,2026-06-14 13:02:38,次月統計報表,20260614_130238_next_month_daily_df.csv,./dashboard_data/snapshots/202606/20260614_130238_next_month_daily_df.csv,schedule
20260614130238460621,2026-06-14 13:02:38,業績報表,20260614_130238_meta.json,./dashboard_data/snapshots/202606/20260614_130238_meta.json,schedule
20260614130238472549,2026-06-14 13:02:38,業績報表,20260614_130238_email_preview.html,./dashboard_data/snapshots/202606/20260614_130238_email_preview.html,schedule
20260614201155286221,2026-06-14 20:11:55,業績報表,df4.csv,./dashboard_data/latest/df4.csv,schedule
20260614201155300091,2026-06-14 20:11:55,業績報表,daily_df.csv,./dashboard_data/latest/daily_df.csv,schedule
20260614201155313113,2026-06-14 20:11:55,次月統計報表,next_month_daily_df.csv,./dashboard_data/latest/next_month_daily_df.csv,schedule
20260614201155324495,2026-06-14 20:11:55,業績報表,email_preview.html,./dashboard_data/latest/email_preview.html,schedule
20260614201155335896,2026-06-14 20:11:55,業績報表,meta.json,./dashboard_data/latest/meta.json,schedule
20260614201155347695,2026-06-14 20:11:55,業績報表,20260614_201155_df4.csv,./dashboard_data/snapshots/202606/20260614_201155_df4.csv,schedule
20260614201155361058,2026-06-14 20:11:55,業績報表,20260614_201155_daily_df.csv,./dashboard_data/snapshots/202606/20260614_201155_daily_df.csv,schedule
20260614201155373892,2026-06-14 20:11:55,次月統計報表,20260614_201155_next_month_daily_df.csv,./dashboard_data/snapshots/202606/20260614_201155_next_month_daily_df.csv,schedule
20260614201155385147,2026-06-14 20:11:55,業績報表,20260614_201155_meta.json,./dashboard_data/snapshots/202606/20260614_201155_meta.json,schedule
20260614201155396506,2026-06-14 20:11:55,業績報表,20260614_201155_email_preview.html,./dashboard_data/snapshots/202606/20260614_201155_email_preview.html,schedule
20260615014903791699,2026-06-15 01:49:03,業績報表,df4.csv,./dashboard_data/latest/df4.csv,schedule
20260615014903805870,2026-06-15 01:49:03,業績報表,daily_df.csv,./dashboard_data/latest/daily_df.csv,schedule
20260615014903819763,2026-06-15 01:49:03,次月統計報表,next_month_daily_df.csv,./dashboard_data/latest/next_month_daily_df.csv,schedule
20260615014903832008,2026-06-15 01:49:03,業績報表,email_preview.html,./dashboard_data/latest/email_preview.html,schedule
20260615014903843901,2026-06-15 01:49:03,業績報表,meta.json,./dashboard_data/latest/meta.json,schedule
20260615014903856243,2026-06-15 01:49:03,業績報表,20260615_014903_df4.csv,./dashboard_data/snapshots/202606/20260615_014903_df4.csv,schedule
20260615014903870054,2026-06-15 01:49:03,業績報表,20260615_014903_daily_df.csv,./dashboard_data/snapshots/202606/20260615_014903_daily_df.csv,schedule
20260615014903883291,2026-06-15 01:49:03,次月統計報表,20260615_014903_next_month_daily_df.csv,./dashboard_data/snapshots/202606/20260615_014903_next_month_daily_df.csv,schedule
20260615014903894878,2026-06-15 01:49:03,業績報表,20260615_014903_meta.json,./dashboard_data/snapshots/202606/20260615_014903_meta.json,schedule
20260615014903906573,2026-06-15 01:49:03,業績報表,20260615_014903_email_preview.html,./dashboard_data/snapshots/202606/20260615_014903_email_preview.html,schedule
20260615132345911761,2026-06-15 13:23:45,業績報表,df4.csv,./dashboard_data/latest/df4.csv,schedule
20260615132345925628,2026-06-15 13:23:45,業績報表,daily_df.csv,./dashboard_data/latest/daily_df.csv,schedule
20260615132345938944,2026-06-15 13:23:45,次月統計報表,next_month_daily_df.csv,./dashboard_data/latest/next_month_daily_df.csv,schedule
20260615132345950302,2026-06-15 13:23:45,業績報表,email_preview.html,./dashboard_data/latest/email_preview.html,schedule
20260615132345961881,2026-06-15 13:23:45,業績報表,meta.json,./dashboard_data/latest/meta.json,schedule
20260615132345973757,2026-06-15 13:23:45,業績報表,20260615_132345_df4.csv,./dashboard_data/snapshots/202606/20260615_132345_df4.csv,schedule
20260615132345986992,2026-06-15 13:23:45,業績報表,20260615_132345_daily_df.csv,./dashboard_data/snapshots/202606/20260615_132345_daily_df.csv,schedule
20260615132346000095,2026-06-15 13:23:46,次月統計報表,20260615_132345_next_month_daily_df.csv,./dashboard_data/snapshots/202606/20260615_132345_next_month_daily_df.csv,schedule
20260615132346017781,2026-06-15 13:23:46,業績報表,20260615_132345_meta.json,./dashboard_data/snapshots/202606/20260615_132345_meta.json,schedule
20260615132346029746,2026-06-15 13:23:46,業績報表,20260615_132345_email_preview.html,./dashboard_data/snapshots/202606/20260615_132345_email_preview.html,schedule
20260616000542822389,2026-06-16 00:05:42,業績報表,df4.csv,./dashboard_data/latest/df4.csv,schedule
20260616000542836809,2026-06-16 00:05:42,業績報表,daily_df.csv,./dashboard_data/latest/daily_df.csv,schedule
20260616000542850385,2026-06-16 00:05:42,次月統計報表,next_month_daily_df.csv,./dashboard_data/latest/next_month_daily_df.csv,schedule
20260616000542862414,2026-06-16 00:05:42,業績報表,email_preview.html,./dashboard_data/latest/email_preview.html,schedule
20260616000542874652,2026-06-16 00:05:42,業績報表,meta.json,./dashboard_data/latest/meta.json,schedule
20260616000542887302,2026-06-16 00:05:42,業績報表,20260616_000542_df4.csv,./dashboard_data/snapshots/202606/20260616_000542_df4.csv,schedule
20260616000542901518,2026-06-16 00:05:42,業績報表,20260616_000542_daily_df.csv,./dashboard_data/snapshots/202606/20260616_000542_daily_df.csv,schedule
20260616000542915266,2026-06-16 00:05:42,次月統計報表,20260616_000542_next_month_daily_df.csv,./dashboard_data/snapshots/202606/20260616_000542_next_month_daily_df.csv,schedule
20260616000542927026,2026-06-16 00:05:42,業績報表,20260616_000542_meta.json,./dashboard_data/snapshots/202606/20260616_000542_meta.json,schedule
20260616000542939183,2026-06-16 00:05:42,業績報表,20260616_000542_email_preview.html,./dashboard_data/snapshots/202606/20260616_000542_email_preview.html,schedule
20260616035641867297,2026-06-16 03:56:41,業績報表,df4.csv,./dashboard_data/latest/df4.csv,schedule
20260616035641881875,2026-06-16 03:56:41,業績報表,daily_df.csv,./dashboard_data/latest/daily_df.csv,schedule
20260616035641895159,2026-06-16 03:56:41,次月統計報表,next_month_daily_df.csv,./dashboard_data/latest/next_month_daily_df.csv,schedule
20260616035641906972,2026-06-16 03:56:41,業績報表,email_preview.html,./dashboard_data/latest/email_preview.html,schedule
20260616035641918587,2026-06-16 03:56:41,業績報表,meta.json,./dashboard_data/latest/meta.json,schedule
20260616035641930598,2026-06-16 03:56:41,業績報表,20260616_035641_df4.csv,./dashboard_data/snapshots/202606/20260616_035641_df4.csv,schedule
20260616035641944086,2026-06-16 03:56:41,業績報表,20260616_035641_daily_df.csv,./dashboard_data/snapshots/202606/20260616_035641_daily_df.csv,schedule
20260616035641957147,2026-06-16 03:56:41,次月統計報表,20260616_035641_next_month_daily_df.csv,./dashboard_data/snapshots/202606/20260616_035641_next_month_daily_df.csv,schedule
20260616035641968561,2026-06-16 03:56:41,業績報表,20260616_035641_meta.json,./dashboard_data/snapshots/202606/20260616_035641_meta.json,schedule
20260616035641979891,2026-06-16 03:56:41,業績報表,20260616_035641_email_preview.html,./dashboard_data/snapshots/202606/20260616_035641_email_preview.html,schedule
20260616132639861704,2026-06-16 13:26:39,業績報表,df4.csv,./dashboard_data/latest/df4.csv,schedule
20260616132639876412,2026-06-16 13:26:39,業績報表,daily_df.csv,./dashboard_data/latest/daily_df.csv,schedule
20260616132639890806,2026-06-16 13:26:39,次月統計報表,next_month_daily_df.csv,./dashboard_data/latest/next_month_daily_df.csv,schedule
20260616132639903173,2026-06-16 13:26:39,業績報表,email_preview.html,./dashboard_data/latest/email_preview.html,schedule
20260616132639915530,2026-06-16 13:26:39,業績報表,meta.json,./dashboard_data/latest/meta.json,schedule
20260616132639928197,2026-06-16 13:26:39,業績報表,20260616_132639_df4.csv,./dashboard_data/snapshots/202606/20260616_132639_df4.csv,schedule
20260616132639942431,2026-06-16 13:26:39,業績報表,20260616_132639_daily_df.csv,./dashboard_data/snapshots/202606/20260616_132639_daily_df.csv,schedule
20260616132639956169,2026-06-16 13:26:39,次月統計報表,20260616_132639_next_month_daily_df.csv,./dashboard_data/snapshots/202606/20260616_132639_next_month_daily_df.csv,schedule
20260616132639968179,2026-06-16 13:26:39,業績報表,20260616_132639_meta.json,./dashboard_data/snapshots/202606/20260616_132639_meta.json,schedule
20260616132639980579,2026-06-16 13:26:39,業績報表,20260616_132639_email_preview.html,./dashboard_data/snapshots/202606/20260616_132639_email_preview.html,schedule
20260616232152623713,2026-06-16 23:21:52,業績報表,df4.csv,./dashboard_data/latest/df4.csv,schedule
20260616232152639413,2026-06-16 23:21:52,業績報表,daily_df.csv,./dashboard_data/latest/daily_df.csv,schedule
20260616232152655032,2026-06-16 23:21:52,次月統計報表,next_month_daily_df.csv,./dashboard_data/latest/next_month_daily_df.csv,schedule
20260616232152668310,2026-06-16 23:21:52,業績報表,email_preview.html,./dashboard_data/latest/email_preview.html,schedule
20260616232152681704,2026-06-16 23:21:52,業績報表,meta.json,./dashboard_data/latest/meta.json,schedule
20260616232152695367,2026-06-16 23:21:52,業績報表,20260616_232152_df4.csv,./dashboard_data/snapshots/202606/20260616_232152_df4.csv,schedule
20260616232152710359,2026-06-16 23:21:52,業績報表,20260616_232152_daily_df.csv,./dashboard_data/snapshots/202606/20260616_232152_daily_df.csv,schedule
20260616232152724730,2026-06-16 23:21:52,次月統計報表,20260616_232152_next_month_daily_df.csv,./dashboard_data/snapshots/202606/20260616_232152_next_month_daily_df.csv,schedule
20260616232152737184,2026-06-16 23:21:52,業績報表,20260616_232152_meta.json,./dashboard_data/snapshots/202606/20260616_232152_meta.json,schedule
20260616232152749725,2026-06-16 23:21:52,業績報表,20260616_232152_email_preview.html,./dashboard_data/snapshots/202606/20260616_232152_email_preview.html,schedule
20260617035045200664,2026-06-17 03:50:45,業績報表,df4.csv,./dashboard_data/latest/df4.csv,schedule
20260617035045214785,2026-06-17 03:50:45,業績報表,daily_df.csv,./dashboard_data/latest/daily_df.csv,schedule
20260617035045228235,2026-06-17 03:50:45,次月統計報表,next_month_daily_df.csv,./dashboard_data/latest/next_month_daily_df.csv,schedule
20260617035045239996,2026-06-17 03:50:45,業績報表,email_preview.html,./dashboard_data/latest/email_preview.html,schedule
20260617035045251508,2026-06-17 03:50:45,業績報表,meta.json,./dashboard_data/latest/meta.json,schedule
20260617035045263662,2026-06-17 03:50:45,業績報表,20260617_035045_df4.csv,./dashboard_data/snapshots/202606/20260617_035045_df4.csv,schedule
20260617035045277191,2026-06-17 03:50:45,業績報表,20260617_035045_daily_df.csv,./dashboard_data/snapshots/202606/20260617_035045_daily_df.csv,schedule
20260617035045290429,2026-06-17 03:50:45,次月統計報表,20260617_035045_next_month_daily_df.csv,./dashboard_data/snapshots/202606/20260617_035045_next_month_daily_df.csv,schedule
20260617035045302125,2026-06-17 03:50:45,業績報表,20260617_035045_meta.json,./dashboard_data/snapshots/202606/20260617_035045_meta.json,schedule
20260617035045313813,2026-06-17 03:50:45,業績報表,20260617_035045_email_preview.html,./dashboard_data/snapshots/202606/20260617_035045_email_preview.html,schedule
20260617130741364245,2026-06-17 13:07:41,業績報表,df4.csv,./dashboard_data/latest/df4.csv,schedule
20260617130741379118,2026-06-17 13:07:41,業績報表,daily_df.csv,./dashboard_data/latest/daily_df.csv,schedule
20260617130741393447,2026-06-17 13:07:41,次月統計報表,next_month_daily_df.csv,./dashboard_data/latest/next_month_daily_df.csv,schedule
20260617130741405764,2026-06-17 13:07:41,業績報表,email_preview.html,./dashboard_data/latest/email_preview.html,schedule
20260617130741418566,2026-06-17 13:07:41,業績報表,meta.json,./dashboard_data/latest/meta.json,schedule
20260617130741431469,2026-06-17 13:07:41,業績報表,20260617_130741_df4.csv,./dashboard_data/snapshots/202606/20260617_130741_df4.csv,schedule
20260617130741445739,2026-06-17 13:07:41,業績報表,20260617_130741_daily_df.csv,./dashboard_data/snapshots/202606/20260617_130741_daily_df.csv,schedule
20260617130741459776,2026-06-17 13:07:41,次月統計報表,20260617_130741_next_month_daily_df.csv,./dashboard_data/snapshots/202606/20260617_130741_next_month_daily_df.csv,schedule
20260617130741472265,2026-06-17 13:07:41,業績報表,20260617_130741_meta.json,./dashboard_data/snapshots/202606/20260617_130741_meta.json,schedule
20260617130741484576,2026-06-17 13:07:41,業績報表,20260617_130741_email_preview.html,./dashboard_data/snapshots/202606/20260617_130741_email_preview.html,schedule
20260617215617331006,2026-06-17 21:56:17,業績報表,df4.csv,./dashboard_data/latest/df4.csv,schedule
20260617215617345604,2026-06-17 21:56:17,業績報表,daily_df.csv,./dashboard_data/latest/daily_df.csv,schedule
20260617215617359442,2026-06-17 21:56:17,次月統計報表,next_month_daily_df.csv,./dashboard_data/latest/next_month_daily_df.csv,schedule
20260617215617371503,2026-06-17 21:56:17,業績報表,email_preview.html,./dashboard_data/latest/email_preview.html,schedule
20260617215617383657,2026-06-17 21:56:17,業績報表,meta.json,./dashboard_data/latest/meta.json,schedule
20260617215617396173,2026-06-17 21:56:17,業績報表,20260617_215617_df4.csv,./dashboard_data/snapshots/202606/20260617_215617_df4.csv,schedule
20260617215617410233,2026-06-17 21:56:17,業績報表,20260617_215617_daily_df.csv,./dashboard_data/snapshots/202606/20260617_215617_daily_df.csv,schedule
20260617215617424005,2026-06-17 21:56:17,次月統計報表,20260617_215617_next_month_daily_df.csv,./dashboard_data/snapshots/202606/20260617_215617_next_month_daily_df.csv,schedule
20260617215617436046,2026-06-17 21:56:17,業績報表,20260617_215617_meta.json,./dashboard_data/snapshots/202606/20260617_215617_meta.json,schedule
20260617215617448106,2026-06-17 21:56:17,業績報表,20260617_215617_email_preview.html,./dashboard_data/snapshots/202606/20260617_215617_email_preview.html,schedule
20260618023537784307,2026-06-18 02:35:37,業績報表,df4.csv,./dashboard_data/latest/df4.csv,schedule
20260618023537799261,2026-06-18 02:35:37,業績報表,daily_df.csv,./dashboard_data/latest/daily_df.csv,schedule
20260618023537813129,2026-06-18 02:35:37,次月統計報表,next_month_daily_df.csv,./dashboard_data/latest/next_month_daily_df.csv,schedule
20260618023537825203,2026-06-18 02:35:37,業績報表,email_preview.html,./dashboard_data/latest/email_preview.html,schedule
20260618023537837109,2026-06-18 02:35:37,業績報表,meta.json,./dashboard_data/latest/meta.json,schedule
20260618023537849692,2026-06-18 02:35:37,業績報表,20260618_023537_df4.csv,./dashboard_data/snapshots/202606/20260618_023537_df4.csv,schedule
20260618023537863807,2026-06-18 02:35:37,業績報表,20260618_023537_daily_df.csv,./dashboard_data/snapshots/202606/20260618_023537_daily_df.csv,schedule
20260618023537877466,2026-06-18 02:35:37,次月統計報表,20260618_023537_next_month_daily_df.csv,./dashboard_data/snapshots/202606/20260618_023537_next_month_daily_df.csv,schedule
20260618023537889452,2026-06-18 02:35:37,業績報表,20260618_023537_meta.json,./dashboard_data/snapshots/202606/20260618_023537_meta.json,schedule
20260618023537901583,2026-06-18 02:35:37,業績報表,20260618_023537_email_preview.html,./dashboard_data/snapshots/202606/20260618_023537_email_preview.html,schedule
20260618125735491152,2026-06-18 12:57:35,業績報表,df4.csv,./dashboard_data/latest/df4.csv,schedule
20260618125735505447,2026-06-18 12:57:35,業績報表,daily_df.csv,./dashboard_data/latest/daily_df.csv,schedule
20260618125735518670,2026-06-18 12:57:35,次月統計報表,next_month_daily_df.csv,./dashboard_data/latest/next_month_daily_df.csv,schedule
20260618125735530258,2026-06-18 12:57:35,業績報表,email_preview.html,./dashboard_data/latest/email_preview.html,schedule
20260618125735542261,2026-06-18 12:57:35,業績報表,meta.json,./dashboard_data/latest/meta.json,schedule
20260618125735554521,2026-06-18 12:57:35,業績報表,20260618_125735_df4.csv,./dashboard_data/snapshots/202606/20260618_125735_df4.csv,schedule
20260618125735568721,2026-06-18 12:57:35,業績報表,20260618_125735_daily_df.csv,./dashboard_data/snapshots/202606/20260618_125735_daily_df.csv,schedule
20260618125735581842,2026-06-18 12:57:35,次月統計報表,20260618_125735_next_month_daily_df.csv,./dashboard_data/snapshots/202606/20260618_125735_next_month_daily_df.csv,schedule
20260618125735593263,2026-06-18 12:57:35,業績報表,20260618_125735_meta.json,./dashboard_data/snapshots/202606/20260618_125735_meta.json,schedule
20260618125735604826,2026-06-18 12:57:35,業績報表,20260618_125735_email_preview.html,./dashboard_data/snapshots/202606/20260618_125735_email_preview.html,schedule
20260618213915529697,2026-06-18 21:39:15,業績報表,df4.csv,./dashboard_data/latest/df4.csv,schedule
20260618213915543893,2026-06-18 21:39:15,業績報表,daily_df.csv,./dashboard_data/latest/daily_df.csv,schedule
20260618213915557431,2026-06-18 21:39:15,次月統計報表,next_month_daily_df.csv,./dashboard_data/latest/next_month_daily_df.csv,schedule
20260618213915569123,2026-06-18 21:39:15,業績報表,email_preview.html,./dashboard_data/latest/email_preview.html,schedule
20260618213915580838,2026-06-18 21:39:15,業績報表,meta.json,./dashboard_data/latest/meta.json,schedule
20260618213915592936,2026-06-18 21:39:15,業績報表,20260618_213915_df4.csv,./dashboard_data/snapshots/202606/20260618_213915_df4.csv,schedule
20260618213915606628,2026-06-18 21:39:15,業績報表,20260618_213915_daily_df.csv,./dashboard_data/snapshots/202606/20260618_213915_daily_df.csv,schedule
20260618213915619962,2026-06-18 21:39:15,次月統計報表,20260618_213915_next_month_daily_df.csv,./dashboard_data/snapshots/202606/20260618_213915_next_month_daily_df.csv,schedule
20260618213915631759,2026-06-18 21:39:15,業績報表,20260618_213915_meta.json,./dashboard_data/snapshots/202606/20260618_213915_meta.json,schedule
20260618213915643500,2026-06-18 21:39:15,業績報表,20260618_213915_email_preview.html,./dashboard_data/snapshots/202606/20260618_213915_email_preview.html,schedule
20260619023648857159,2026-06-19 02:36:48,業績報表,df4.csv,./dashboard_data/latest/df4.csv,schedule
20260619023648872165,2026-06-19 02:36:48,業績報表,daily_df.csv,./dashboard_data/latest/daily_df.csv,schedule
20260619023648886448,2026-06-19 02:36:48,次月統計報表,next_month_daily_df.csv,./dashboard_data/latest/next_month_daily_df.csv,schedule
20260619023648898518,2026-06-19 02:36:48,業績報表,email_preview.html,./dashboard_data/latest/email_preview.html,schedule
20260619023648910738,2026-06-19 02:36:48,業績報表,meta.json,./dashboard_data/latest/meta.json,schedule
20260619023648923257,2026-06-19 02:36:48,業績報表,20260619_023648_df4.csv,./dashboard_data/snapshots/202606/20260619_023648_df4.csv,schedule
20260619023648937672,2026-06-19 02:36:48,業績報表,20260619_023648_daily_df.csv,./dashboard_data/snapshots/202606/20260619_023648_daily_df.csv,schedule
20260619023648951534,2026-06-19 02:36:48,次月統計報表,20260619_023648_next_month_daily_df.csv,./dashboard_data/snapshots/202606/20260619_023648_next_month_daily_df.csv,schedule
20260619023648963625,2026-06-19 02:36:48,業績報表,20260619_023648_meta.json,./dashboard_data/snapshots/202606/20260619_023648_meta.json,schedule
20260619023648975830,2026-06-19 02:36:48,業績報表,20260619_023648_email_preview.html,./dashboard_data/snapshots/202606/20260619_023648_email_preview.html,schedule
20260619132001775992,2026-06-19 13:20:01,業績報表,df4.csv,./dashboard_data/latest/df4.csv,schedule
20260619132001791720,2026-06-19 13:20:01,業績報表,daily_df.csv,./dashboard_data/latest/daily_df.csv,schedule
20260619132001805757,2026-06-19 13:20:01,次月統計報表,next_month_daily_df.csv,./dashboard_data/latest/next_month_daily_df.csv,schedule
20260619132001818117,2026-06-19 13:20:01,業績報表,email_preview.html,./dashboard_data/latest/email_preview.html,schedule
20260619132001830238,2026-06-19 13:20:01,業績報表,meta.json,./dashboard_data/latest/meta.json,schedule
20260619132001843022,2026-06-19 13:20:01,業績報表,20260619_132001_df4.csv,./dashboard_data/snapshots/202606/20260619_132001_df4.csv,schedule
20260619132001857353,2026-06-19 13:20:01,業績報表,20260619_132001_daily_df.csv,./dashboard_data/snapshots/202606/20260619_132001_daily_df.csv,schedule
20260619132001871272,2026-06-19 13:20:01,次月統計報表,20260619_132001_next_month_daily_df.csv,./dashboard_data/snapshots/202606/20260619_132001_next_month_daily_df.csv,schedule
20260619132001883553,2026-06-19 13:20:01,業績報表,20260619_132001_meta.json,./dashboard_data/snapshots/202606/20260619_132001_meta.json,schedule
20260619132001896128,2026-06-19 13:20:01,業績報表,20260619_132001_email_preview.html,./dashboard_data/snapshots/202606/20260619_132001_email_preview.html,schedule
20260619214800215449,2026-06-19 21:48:00,業績報表,df4.csv,./dashboard_data/latest/df4.csv,schedule
20260619214800230687,2026-06-19 21:48:00,業績報表,daily_df.csv,./dashboard_data/latest/daily_df.csv,schedule
20260619214800244750,2026-06-19 21:48:00,次月統計報表,next_month_daily_df.csv,./dashboard_data/latest/next_month_daily_df.csv,schedule
20260619214800256670,2026-06-19 21:48:00,業績報表,email_preview.html,./dashboard_data/latest/email_preview.html,schedule
20260619214800268859,2026-06-19 21:48:00,業績報表,meta.json,./dashboard_data/latest/meta.json,schedule
20260619214800281576,2026-06-19 21:48:00,業績報表,20260619_214800_df4.csv,./dashboard_data/snapshots/202606/20260619_214800_df4.csv,schedule
20260619214800295830,2026-06-19 21:48:00,業績報表,20260619_214800_daily_df.csv,./dashboard_data/snapshots/202606/20260619_214800_daily_df.csv,schedule
20260619214800309748,2026-06-19 21:48:00,次月統計報表,20260619_214800_next_month_daily_df.csv,./dashboard_data/snapshots/202606/20260619_214800_next_month_daily_df.csv,schedule
20260619214800321775,2026-06-19 21:48:00,業績報表,20260619_214800_meta.json,./dashboard_data/snapshots/202606/20260619_214800_meta.json,schedule
20260619214800333928,2026-06-19 21:48:00,業績報表,20260619_214800_email_preview.html,./dashboard_data/snapshots/202606/20260619_214800_email_preview.html,schedule
20260620020802795095,2026-06-20 02:08:02,業績報表,df4.csv,./dashboard_data/latest/df4.csv,schedule
20260620020802811056,2026-06-20 02:08:02,業績報表,daily_df.csv,./dashboard_data/latest/daily_df.csv,schedule
20260620020802826405,2026-06-20 02:08:02,次月統計報表,next_month_daily_df.csv,./dashboard_data/latest/next_month_daily_df.csv,schedule
20260620020802839397,2026-06-20 02:08:02,業績報表,email_preview.html,./dashboard_data/latest/email_preview.html,schedule
20260620020802852789,2026-06-20 02:08:02,業績報表,meta.json,./dashboard_data/latest/meta.json,schedule
20260620020802866416,2026-06-20 02:08:02,業績報表,20260620_020802_df4.csv,./dashboard_data/snapshots/202606/20260620_020802_df4.csv,schedule
20260620020802881800,2026-06-20 02:08:02,業績報表,20260620_020802_daily_df.csv,./dashboard_data/snapshots/202606/20260620_020802_daily_df.csv,schedule
20260620020802896360,2026-06-20 02:08:02,次月統計報表,20260620_020802_next_month_daily_df.csv,./dashboard_data/snapshots/202606/20260620_020802_next_month_daily_df.csv,schedule
20260620020802909349,2026-06-20 02:08:02,業績報表,20260620_020802_meta.json,./dashboard_data/snapshots/202606/20260620_020802_meta.json,schedule
20260620020802922576,2026-06-20 02:08:02,業績報表,20260620_020802_email_preview.html,./dashboard_data/snapshots/202606/20260620_020802_email_preview.html,schedule
20260620123736230440,2026-06-20 12:37:36,業績報表,df4.csv,./dashboard_data/latest/df4.csv,schedule
20260620123736245343,2026-06-20 12:37:36,業績報表,daily_df.csv,./dashboard_data/latest/daily_df.csv,schedule
20260620123736259199,2026-06-20 12:37:36,次月統計報表,next_month_daily_df.csv,./dashboard_data/latest/next_month_daily_df.csv,schedule
20260620123736271327,2026-06-20 12:37:36,業績報表,email_preview.html,./dashboard_data/latest/email_preview.html,schedule
20260620123736283294,2026-06-20 12:37:36,業績報表,meta.json,./dashboard_data/latest/meta.json,schedule
20260620123736295733,2026-06-20 12:37:36,業績報表,20260620_123736_df4.csv,./dashboard_data/snapshots/202606/20260620_123736_df4.csv,schedule
20260620123736309799,2026-06-20 12:37:36,業績報表,20260620_123736_daily_df.csv,./dashboard_data/snapshots/202606/20260620_123736_daily_df.csv,schedule
20260620123736324006,2026-06-20 12:37:36,次月統計報表,20260620_123736_next_month_daily_df.csv,./dashboard_data/snapshots/202606/20260620_123736_next_month_daily_df.csv,schedule
20260620123736339946,2026-06-20 12:37:36,業績報表,20260620_123736_meta.json,./dashboard_data/snapshots/202606/20260620_123736_meta.json,schedule
20260620123736359628,2026-06-20 12:37:36,業績報表,20260620_123736_email_preview.html,./dashboard_data/snapshots/202606/20260620_123736_email_preview.html,schedule
20260620200710699739,2026-06-20 20:07:10,業績報表,df4.csv,./dashboard_data/latest/df4.csv,schedule
20260620200710714823,2026-06-20 20:07:10,業績報表,daily_df.csv,./dashboard_data/latest/daily_df.csv,schedule
20260620200710728850,2026-06-20 20:07:10,次月統計報表,next_month_daily_df.csv,./dashboard_data/latest/next_month_daily_df.csv,schedule
20260620200710740962,2026-06-20 20:07:10,業績報表,email_preview.html,./dashboard_data/latest/email_preview.html,schedule
20260620200710753055,2026-06-20 20:07:10,業績報表,meta.json,./dashboard_data/latest/meta.json,schedule
20260620200710765564,2026-06-20 20:07:10,業績報表,20260620_200710_df4.csv,./dashboard_data/snapshots/202606/20260620_200710_df4.csv,schedule
20260620200710779716,2026-06-20 20:07:10,業績報表,20260620_200710_daily_df.csv,./dashboard_data/snapshots/202606/20260620_200710_daily_df.csv,schedule
20260620200710793458,2026-06-20 20:07:10,次月統計報表,20260620_200710_next_month_daily_df.csv,./dashboard_data/snapshots/202606/20260620_200710_next_month_daily_df.csv,schedule
20260620200710805452,2026-06-20 20:07:10,業績報表,20260620_200710_meta.json,./dashboard_data/snapshots/202606/20260620_200710_meta.json,schedule
20260620200710817464,2026-06-20 20:07:10,業績報表,20260620_200710_email_preview.html,./dashboard_data/snapshots/202606/20260620_200710_email_preview.html,schedule
20260621014856465531,2026-06-21 01:48:56,業績報表,df4.csv,./dashboard_data/latest/df4.csv,schedule
20260621014856477963,2026-06-21 01:48:56,業績報表,daily_df.csv,./dashboard_data/latest/daily_df.csv,schedule
20260621014856489699,2026-06-21 01:48:56,次月統計報表,next_month_daily_df.csv,./dashboard_data/latest/next_month_daily_df.csv,schedule
20260621014856500016,2026-06-21 01:48:56,業績報表,email_preview.html,./dashboard_data/latest/email_preview.html,schedule
20260621014856510333,2026-06-21 01:48:56,業績報表,meta.json,./dashboard_data/latest/meta.json,schedule
20260621014856520654,2026-06-21 01:48:56,業績報表,20260621_014856_df4.csv,./dashboard_data/snapshots/202606/20260621_014856_df4.csv,schedule
20260621014856532449,2026-06-21 01:48:56,業績報表,20260621_014856_daily_df.csv,./dashboard_data/snapshots/202606/20260621_014856_daily_df.csv,schedule
20260621014856543933,2026-06-21 01:48:56,次月統計報表,20260621_014856_next_month_daily_df.csv,./dashboard_data/snapshots/202606/20260621_014856_next_month_daily_df.csv,schedule
20260621014856554059,2026-06-21 01:48:56,業績報表,20260621_014856_meta.json,./dashboard_data/snapshots/202606/20260621_014856_meta.json,schedule
20260621014856564818,2026-06-21 01:48:56,業績報表,20260621_014856_email_preview.html,./dashboard_data/snapshots/202606/20260621_014856_email_preview.html,schedule
20260621131419243465,2026-06-21 13:14:19,業績報表,df4.csv,./dashboard_data/latest/df4.csv,schedule
20260621131419259274,2026-06-21 13:14:19,業績報表,daily_df.csv,./dashboard_data/latest/daily_df.csv,schedule
20260621131419274431,2026-06-21 13:14:19,次月統計報表,next_month_daily_df.csv,./dashboard_data/latest/next_month_daily_df.csv,schedule
20260621131419287603,2026-06-21 13:14:19,業績報表,email_preview.html,./dashboard_data/latest/email_preview.html,schedule
20260621131419300857,2026-06-21 13:14:19,業績報表,meta.json,./dashboard_data/latest/meta.json,schedule
20260621131419314419,2026-06-21 13:14:19,業績報表,20260621_131419_df4.csv,./dashboard_data/snapshots/202606/20260621_131419_df4.csv,schedule
20260621131419329722,2026-06-21 13:14:19,業績報表,20260621_131419_daily_df.csv,./dashboard_data/snapshots/202606/20260621_131419_daily_df.csv,schedule
20260621131419344423,2026-06-21 13:14:19,次月統計報表,20260621_131419_next_month_daily_df.csv,./dashboard_data/snapshots/202606/20260621_131419_next_month_daily_df.csv,schedule
20260621131419357566,2026-06-21 13:14:19,業績報表,20260621_131419_meta.json,./dashboard_data/snapshots/202606/20260621_131419_meta.json,schedule
20260621131419370739,2026-06-21 13:14:19,業績報表,20260621_131419_email_preview.html,./dashboard_data/snapshots/202606/20260621_131419_email_preview.html,schedule
20260621201958462109,2026-06-21 20:19:58,業績報表,df4.csv,./dashboard_data/latest/df4.csv,schedule
20260621201958474963,2026-06-21 20:19:58,業績報表,daily_df.csv,./dashboard_data/latest/daily_df.csv,schedule
20260621201958487389,2026-06-21 20:19:58,次月統計報表,next_month_daily_df.csv,./dashboard_data/latest/next_month_daily_df.csv,schedule
20260621201958498334,2026-06-21 20:19:58,業績報表,email_preview.html,./dashboard_data/latest/email_preview.html,schedule
20260621201958509119,2026-06-21 20:19:58,業績報表,meta.json,./dashboard_data/latest/meta.json,schedule
20260621201958520344,2026-06-21 20:19:58,業績報表,20260621_201958_df4.csv,./dashboard_data/snapshots/202606/20260621_201958_df4.csv,schedule
20260621201958532799,2026-06-21 20:19:58,業績報表,20260621_201958_daily_df.csv,./dashboard_data/snapshots/202606/20260621_201958_daily_df.csv,schedule
20260621201958544693,2026-06-21 20:19:58,次月統計報表,20260621_201958_next_month_daily_df.csv,./dashboard_data/snapshots/202606/20260621_201958_next_month_daily_df.csv,schedule
20260621201958555422,2026-06-21 20:19:58,業績報表,20260621_201958_meta.json,./dashboard_data/snapshots/202606/20260621_201958_meta.json,schedule
20260621201958566331,2026-06-21 20:19:58,業績報表,20260621_201958_email_preview.html,./dashboard_data/snapshots/202606/20260621_201958_email_preview.html,schedule
20260622015300583826,2026-06-22 01:53:00,業績報表,df4.csv,./dashboard_data/latest/df4.csv,schedule
20260622015300598963,2026-06-22 01:53:00,業績報表,daily_df.csv,./dashboard_data/latest/daily_df.csv,schedule
20260622015300613639,2026-06-22 01:53:00,次月統計報表,next_month_daily_df.csv,./dashboard_data/latest/next_month_daily_df.csv,schedule
20260622015300626384,2026-06-22 01:53:00,業績報表,email_preview.html,./dashboard_data/latest/email_preview.html,schedule
20260622015300639276,2026-06-22 01:53:00,業績報表,meta.json,./dashboard_data/latest/meta.json,schedule
20260622015300652525,2026-06-22 01:53:00,業績報表,20260622_015300_df4.csv,./dashboard_data/snapshots/202606/20260622_015300_df4.csv,schedule
20260622015300667425,2026-06-22 01:53:00,業績報表,20260622_015300_daily_df.csv,./dashboard_data/snapshots/202606/20260622_015300_daily_df.csv,schedule
20260622015300681886,2026-06-22 01:53:00,次月統計報表,20260622_015300_next_month_daily_df.csv,./dashboard_data/snapshots/202606/20260622_015300_next_month_daily_df.csv,schedule
20260622015300694632,2026-06-22 01:53:00,業績報表,20260622_015300_meta.json,./dashboard_data/snapshots/202606/20260622_015300_meta.json,schedule
20260622015300708063,2026-06-22 01:53:00,業績報表,20260622_015300_email_preview.html,./dashboard_data/snapshots/202606/20260622_015300_email_preview.html,schedule
20260622132536274705,2026-06-22 13:25:36,業績報表,df4.csv,./dashboard_data/latest/df4.csv,schedule
20260622132536291111,2026-06-22 13:25:36,業績報表,daily_df.csv,./dashboard_data/latest/daily_df.csv,schedule
20260622132536306100,2026-06-22 13:25:36,次月統計報表,next_month_daily_df.csv,./dashboard_data/latest/next_month_daily_df.csv,schedule
20260622132536318648,2026-06-22 13:25:36,業績報表,email_preview.html,./dashboard_data/latest/email_preview.html,schedule
20260622132536331330,2026-06-22 13:25:36,業績報表,meta.json,./dashboard_data/latest/meta.json,schedule
20260622132536344485,2026-06-22 13:25:36,業績報表,20260622_132536_df4.csv,./dashboard_data/snapshots/202606/20260622_132536_df4.csv,schedule
20260622132536358819,2026-06-22 13:25:36,業績報表,20260622_132536_daily_df.csv,./dashboard_data/snapshots/202606/20260622_132536_daily_df.csv,schedule
20260622132536372738,2026-06-22 13:25:36,次月統計報表,20260622_132536_next_month_daily_df.csv,./dashboard_data/snapshots/202606/20260622_132536_next_month_daily_df.csv,schedule
20260622132536385452,2026-06-22 13:25:36,業績報表,20260622_132536_meta.json,./dashboard_data/snapshots/202606/20260622_132536_meta.json,schedule
20260622132536399561,2026-06-22 13:25:36,業績報表,20260622_132536_email_preview.html,./dashboard_data/snapshots/202606/20260622_132536_email_preview.html,schedule
20260622233218971367,2026-06-22 23:32:18,業績報表,df4.csv,./dashboard_data/latest/df4.csv,schedule
20260622233218987384,2026-06-22 23:32:18,業績報表,daily_df.csv,./dashboard_data/latest/daily_df.csv,schedule
20260622233219002473,2026-06-22 23:32:19,次月統計報表,next_month_daily_df.csv,./dashboard_data/latest/next_month_daily_df.csv,schedule
20260622233219015513,2026-06-22 23:32:19,業績報表,email_preview.html,./dashboard_data/latest/email_preview.html,schedule
20260622233219028569,2026-06-22 23:32:19,業績報表,meta.json,./dashboard_data/latest/meta.json,schedule
20260622233219042156,2026-06-22 23:32:19,業績報表,20260622_233218_df4.csv,./dashboard_data/snapshots/202606/20260622_233218_df4.csv,schedule
20260622233219057187,2026-06-22 23:32:19,業績報表,20260622_233218_daily_df.csv,./dashboard_data/snapshots/202606/20260622_233218_daily_df.csv,schedule
20260622233219071985,2026-06-22 23:32:19,次月統計報表,20260622_233218_next_month_daily_df.csv,./dashboard_data/snapshots/202606/20260622_233218_next_month_daily_df.csv,schedule
20260622233219085113,2026-06-22 23:32:19,業績報表,20260622_233218_meta.json,./dashboard_data/snapshots/202606/20260622_233218_meta.json,schedule
20260622233219098237,2026-06-22 23:32:19,業績報表,20260622_233218_email_preview.html,./dashboard_data/snapshots/202606/20260622_233218_email_preview.html,schedule
20260623034734528376,2026-06-23 03:47:34,業績報表,df4.csv,./dashboard_data/latest/df4.csv,schedule
20260623034734544087,2026-06-23 03:47:34,業績報表,daily_df.csv,./dashboard_data/latest/daily_df.csv,schedule
20260623034734559305,2026-06-23 03:47:34,次月統計報表,next_month_daily_df.csv,./dashboard_data/latest/next_month_daily_df.csv,schedule
20260623034734572397,2026-06-23 03:47:34,業績報表,email_preview.html,./dashboard_data/latest/email_preview.html,schedule
20260623034734585557,2026-06-23 03:47:34,業績報表,meta.json,./dashboard_data/latest/meta.json,schedule
20260623034734599089,2026-06-23 03:47:34,業績報表,20260623_034734_df4.csv,./dashboard_data/snapshots/202606/20260623_034734_df4.csv,schedule
20260623034734614334,2026-06-23 03:47:34,業績報表,20260623_034734_daily_df.csv,./dashboard_data/snapshots/202606/20260623_034734_daily_df.csv,schedule
20260623034734629174,2026-06-23 03:47:34,次月統計報表,20260623_034734_next_month_daily_df.csv,./dashboard_data/snapshots/202606/20260623_034734_next_month_daily_df.csv,schedule
20260623034734642141,2026-06-23 03:47:34,業績報表,20260623_034734_meta.json,./dashboard_data/snapshots/202606/20260623_034734_meta.json,schedule
20260623034734655217,2026-06-23 03:47:34,業績報表,20260623_034734_email_preview.html,./dashboard_data/snapshots/202606/20260623_034734_email_preview.html,schedule
20260623121727374959,2026-06-23 12:17:27,業績報表,df4.csv,./dashboard_data/latest/df4.csv,schedule
20260623121727390921,2026-06-23 12:17:27,業績報表,daily_df.csv,./dashboard_data/latest/daily_df.csv,schedule
20260623121727406437,2026-06-23 12:17:27,次月統計報表,next_month_daily_df.csv,./dashboard_data/latest/next_month_daily_df.csv,schedule
20260623121727419965,2026-06-23 12:17:27,業績報表,email_preview.html,./dashboard_data/latest/email_preview.html,schedule
20260623121727433569,2026-06-23 12:17:27,業績報表,meta.json,./dashboard_data/latest/meta.json,schedule
20260623121727447313,2026-06-23 12:17:27,業績報表,20260623_121727_df4.csv,./dashboard_data/snapshots/202606/20260623_121727_df4.csv,schedule
20260623121727463066,2026-06-23 12:17:27,業績報表,20260623_121727_daily_df.csv,./dashboard_data/snapshots/202606/20260623_121727_daily_df.csv,schedule
20260623121727478185,2026-06-23 12:17:27,次月統計報表,20260623_121727_next_month_daily_df.csv,./dashboard_data/snapshots/202606/20260623_121727_next_month_daily_df.csv,schedule
20260623121727491761,2026-06-23 12:17:27,業績報表,20260623_121727_meta.json,./dashboard_data/snapshots/202606/20260623_121727_meta.json,schedule
20260623121727505277,2026-06-23 12:17:27,業績報表,20260623_121727_email_preview.html,./dashboard_data/snapshots/202606/20260623_121727_email_preview.html,schedule
20260623204555680015,2026-06-23 20:45:55,業績報表,df4.csv,./dashboard_data/latest/df4.csv,schedule
20260623204555696184,2026-06-23 20:45:55,業績報表,daily_df.csv,./dashboard_data/latest/daily_df.csv,schedule
20260623204555712197,2026-06-23 20:45:55,次月統計報表,next_month_daily_df.csv,./dashboard_data/latest/next_month_daily_df.csv,schedule
20260623204555725924,2026-06-23 20:45:55,業績報表,email_preview.html,./dashboard_data/latest/email_preview.html,schedule
20260623204555739520,2026-06-23 20:45:55,業績報表,meta.json,./dashboard_data/latest/meta.json,schedule
20260623204555754054,2026-06-23 20:45:55,業績報表,20260623_204555_df4.csv,./dashboard_data/snapshots/202606/20260623_204555_df4.csv,schedule
20260623204555770507,2026-06-23 20:45:55,業績報表,20260623_204555_daily_df.csv,./dashboard_data/snapshots/202606/20260623_204555_daily_df.csv,schedule
20260623204555786456,2026-06-23 20:45:55,次月統計報表,20260623_204555_next_month_daily_df.csv,./dashboard_data/snapshots/202606/20260623_204555_next_month_daily_df.csv,schedule
20260623204555800319,2026-06-23 20:45:55,業績報表,20260623_204555_meta.json,./dashboard_data/snapshots/202606/20260623_204555_meta.json,schedule
20260623204555814069,2026-06-23 20:45:55,業績報表,20260623_204555_email_preview.html,./dashboard_data/snapshots/202606/20260623_204555_email_preview.html,schedule
20260624021512592709,2026-06-24 02:15:12,業績報表,df4.csv,./dashboard_data/latest/df4.csv,schedule
20260624021512617228,2026-06-24 02:15:12,業績報表,daily_df.csv,./dashboard_data/latest/daily_df.csv,schedule
20260624021512634532,2026-06-24 02:15:12,次月統計報表,next_month_daily_df.csv,./dashboard_data/latest/next_month_daily_df.csv,schedule
20260624021512649882,2026-06-24 02:15:12,業績報表,email_preview.html,./dashboard_data/latest/email_preview.html,schedule
20260624021512665695,2026-06-24 02:15:12,業績報表,meta.json,./dashboard_data/latest/meta.json,schedule
20260624021512721557,2026-06-24 02:15:12,業績報表,20260624_021512_df4.csv,./dashboard_data/snapshots/202606/20260624_021512_df4.csv,schedule
20260624021512739025,2026-06-24 02:15:12,業績報表,20260624_021512_daily_df.csv,./dashboard_data/snapshots/202606/20260624_021512_daily_df.csv,schedule
20260624021512781399,2026-06-24 02:15:12,次月統計報表,20260624_021512_next_month_daily_df.csv,./dashboard_data/snapshots/202606/20260624_021512_next_month_daily_df.csv,schedule
20260624021512823656,2026-06-24 02:15:12,業績報表,20260624_021512_meta.json,./dashboard_data/snapshots/202606/20260624_021512_meta.json,schedule
20260624021512837994,2026-06-24 02:15:12,業績報表,20260624_021512_email_preview.html,./dashboard_data/snapshots/202606/20260624_021512_email_preview.html,schedule
20260624122043533959,2026-06-24 12:20:43,業績報表,df4.csv,./dashboard_data/latest/df4.csv,schedule
20260624122043549893,2026-06-24 12:20:43,業績報表,daily_df.csv,./dashboard_data/latest/daily_df.csv,schedule
20260624122043564529,2026-06-24 12:20:43,次月統計報表,next_month_daily_df.csv,./dashboard_data/latest/next_month_daily_df.csv,schedule
20260624122043577363,2026-06-24 12:20:43,業績報表,email_preview.html,./dashboard_data/latest/email_preview.html,schedule
20260624122043590161,2026-06-24 12:20:43,業績報表,meta.json,./dashboard_data/latest/meta.json,schedule
20260624122043603575,2026-06-24 12:20:43,業績報表,20260624_122043_df4.csv,./dashboard_data/snapshots/202606/20260624_122043_df4.csv,schedule
20260624122043618639,2026-06-24 12:20:43,業績報表,20260624_122043_daily_df.csv,./dashboard_data/snapshots/202606/20260624_122043_daily_df.csv,schedule
20260624122043633087,2026-06-24 12:20:43,次月統計報表,20260624_122043_next_month_daily_df.csv,./dashboard_data/snapshots/202606/20260624_122043_next_month_daily_df.csv,schedule
20260624122043645601,2026-06-24 12:20:43,業績報表,20260624_122043_meta.json,./dashboard_data/snapshots/202606/20260624_122043_meta.json,schedule
20260624122043658301,2026-06-24 12:20:43,業績報表,20260624_122043_email_preview.html,./dashboard_data/snapshots/202606/20260624_122043_email_preview.html,schedule
20260624202834873899,2026-06-24 20:28:34,業績報表,df4.csv,./dashboard_data/latest/df4.csv,schedule
20260624202834890434,2026-06-24 20:28:34,業績報表,daily_df.csv,./dashboard_data/latest/daily_df.csv,schedule
20260624202834905678,2026-06-24 20:28:34,次月統計報表,next_month_daily_df.csv,./dashboard_data/latest/next_month_daily_df.csv,schedule
20260624202834918679,2026-06-24 20:28:34,業績報表,email_preview.html,./dashboard_data/latest/email_preview.html,schedule
20260624202834932071,2026-06-24 20:28:34,業績報表,meta.json,./dashboard_data/latest/meta.json,schedule
20260624202834945765,2026-06-24 20:28:34,業績報表,20260624_202834_df4.csv,./dashboard_data/snapshots/202606/20260624_202834_df4.csv,schedule
20260624202834961292,2026-06-24 20:28:34,業績報表,20260624_202834_daily_df.csv,./dashboard_data/snapshots/202606/20260624_202834_daily_df.csv,schedule
20260624202834976329,2026-06-24 20:28:34,次月統計報表,20260624_202834_next_month_daily_df.csv,./dashboard_data/snapshots/202606/20260624_202834_next_month_daily_df.csv,schedule
20260624202834989312,2026-06-24 20:28:34,業績報表,20260624_202834_meta.json,./dashboard_data/snapshots/202606/20260624_202834_meta.json,schedule
20260624202835003253,2026-06-24 20:28:35,業績報表,20260624_202834_email_preview.html,./dashboard_data/snapshots/202606/20260624_202834_email_preview.html,schedule
20260625020850168496,2026-06-25 02:08:50,業績報表,df4.csv,./dashboard_data/latest/df4.csv,schedule
20260625020850184523,2026-06-25 02:08:50,業績報表,daily_df.csv,./dashboard_data/latest/daily_df.csv,schedule
20260625020850199880,2026-06-25 02:08:50,次月統計報表,next_month_daily_df.csv,./dashboard_data/latest/next_month_daily_df.csv,schedule
20260625020850213259,2026-06-25 02:08:50,業績報表,email_preview.html,./dashboard_data/latest/email_preview.html,schedule
20260625020850226588,2026-06-25 02:08:50,業績報表,meta.json,./dashboard_data/latest/meta.json,schedule
20260625020850240801,2026-06-25 02:08:50,業績報表,20260625_020850_df4.csv,./dashboard_data/snapshots/202606/20260625_020850_df4.csv,schedule
20260625020850256674,2026-06-25 02:08:50,業績報表,20260625_020850_daily_df.csv,./dashboard_data/snapshots/202606/20260625_020850_daily_df.csv,schedule
20260625020850272306,2026-06-25 02:08:50,次月統計報表,20260625_020850_next_month_daily_df.csv,./dashboard_data/snapshots/202606/20260625_020850_next_month_daily_df.csv,schedule
20260625020850285520,2026-06-25 02:08:50,業績報表,20260625_020850_meta.json,./dashboard_data/snapshots/202606/20260625_020850_meta.json,schedule
20260625020850299465,2026-06-25 02:08:50,業績報表,20260625_020850_email_preview.html,./dashboard_data/snapshots/202606/20260625_020850_email_preview.html,schedule
20260625122017728543,2026-06-25 12:20:17,業績報表,df4.csv,./dashboard_data/latest/df4.csv,schedule
20260625122017741648,2026-06-25 12:20:17,業績報表,daily_df.csv,./dashboard_data/latest/daily_df.csv,schedule
20260625122017753856,2026-06-25 12:20:17,次月統計報表,next_month_daily_df.csv,./dashboard_data/latest/next_month_daily_df.csv,schedule
20260625122017764521,2026-06-25 12:20:17,業績報表,email_preview.html,./dashboard_data/latest/email_preview.html,schedule
20260625122017775193,2026-06-25 12:20:17,業績報表,meta.json,./dashboard_data/latest/meta.json,schedule
20260625122017785912,2026-06-25 12:20:17,業績報表,20260625_122017_df4.csv,./dashboard_data/snapshots/202606/20260625_122017_df4.csv,schedule
20260625122017798124,2026-06-25 12:20:17,業績報表,20260625_122017_daily_df.csv,./dashboard_data/snapshots/202606/20260625_122017_daily_df.csv,schedule
20260625122017810315,2026-06-25 12:20:17,次月統計報表,20260625_122017_next_month_daily_df.csv,./dashboard_data/snapshots/202606/20260625_122017_next_month_daily_df.csv,schedule
20260625122017820946,2026-06-25 12:20:17,業績報表,20260625_122017_meta.json,./dashboard_data/snapshots/202606/20260625_122017_meta.json,schedule
20260625122017831335,2026-06-25 12:20:17,業績報表,20260625_122017_email_preview.html,./dashboard_data/snapshots/202606/20260625_122017_email_preview.html,schedule
20260625203220854803,2026-06-25 20:32:20,業績報表,df4.csv,./dashboard_data/latest/df4.csv,schedule
20260625203220871434,2026-06-25 20:32:20,業績報表,daily_df.csv,./dashboard_data/latest/daily_df.csv,schedule
20260625203220887222,2026-06-25 20:32:20,次月統計報表,next_month_daily_df.csv,./dashboard_data/latest/next_month_daily_df.csv,schedule
20260625203220900928,2026-06-25 20:32:20,業績報表,email_preview.html,./dashboard_data/latest/email_preview.html,schedule
20260625203220914602,2026-06-25 20:32:20,業績報表,meta.json,./dashboard_data/latest/meta.json,schedule
20260625203220928696,2026-06-25 20:32:20,業績報表,20260625_203220_df4.csv,./dashboard_data/snapshots/202606/20260625_203220_df4.csv,schedule
20260625203220944478,2026-06-25 20:32:20,業績報表,20260625_203220_daily_df.csv,./dashboard_data/snapshots/202606/20260625_203220_daily_df.csv,schedule
20260625203220959672,2026-06-25 20:32:20,次月統計報表,20260625_203220_next_month_daily_df.csv,./dashboard_data/snapshots/202606/20260625_203220_next_month_daily_df.csv,schedule
20260625203220973028,2026-06-25 20:32:20,業績報表,20260625_203220_meta.json,./dashboard_data/snapshots/202606/20260625_203220_meta.json,schedule
20260625203220986615,2026-06-25 20:32:20,業績報表,20260625_203220_email_preview.html,./dashboard_data/snapshots/202606/20260625_203220_email_preview.html,schedule
20260626022638476597,2026-06-26 02:26:38,業績報表,df4.csv,./dashboard_data/latest/df4.csv,schedule
20260626022638492963,2026-06-26 02:26:38,業績報表,daily_df.csv,./dashboard_data/latest/daily_df.csv,schedule
20260626022638507853,2026-06-26 02:26:38,次月統計報表,next_month_daily_df.csv,./dashboard_data/latest/next_month_daily_df.csv,schedule
20260626022638520364,2026-06-26 02:26:38,業績報表,email_preview.html,./dashboard_data/latest/email_preview.html,schedule
20260626022638532804,2026-06-26 02:26:38,業績報表,meta.json,./dashboard_data/latest/meta.json,schedule
20260626022638545645,2026-06-26 02:26:38,業績報表,20260626_022638_df4.csv,./dashboard_data/snapshots/202606/20260626_022638_df4.csv,schedule
20260626022638560267,2026-06-26 02:26:38,業績報表,20260626_022638_daily_df.csv,./dashboard_data/snapshots/202606/20260626_022638_daily_df.csv,schedule
20260626022638574717,2026-06-26 02:26:38,次月統計報表,20260626_022638_next_month_daily_df.csv,./dashboard_data/snapshots/202606/20260626_022638_next_month_daily_df.csv,schedule
20260626022638587010,2026-06-26 02:26:38,業績報表,20260626_022638_meta.json,./dashboard_data/snapshots/202606/20260626_022638_meta.json,schedule
20260626022638599309,2026-06-26 02:26:38,業績報表,20260626_022638_email_preview.html,./dashboard_data/snapshots/202606/20260626_022638_email_preview.html,schedule
20260626123633449240,2026-06-26 12:36:33,業績報表,df4.csv,./dashboard_data/latest/df4.csv,schedule
20260626123633465976,2026-06-26 12:36:33,業績報表,daily_df.csv,./dashboard_data/latest/daily_df.csv,schedule
20260626123633481672,2026-06-26 12:36:33,次月統計報表,next_month_daily_df.csv,./dashboard_data/latest/next_month_daily_df.csv,schedule
20260626123633495473,2026-06-26 12:36:33,業績報表,email_preview.html,./dashboard_data/latest/email_preview.html,schedule
20260626123633509268,2026-06-26 12:36:33,業績報表,meta.json,./dashboard_data/latest/meta.json,schedule
20260626123633523071,2026-06-26 12:36:33,業績報表,20260626_123633_df4.csv,./dashboard_data/snapshots/202606/20260626_123633_df4.csv,schedule
20260626123633538665,2026-06-26 12:36:33,業績報表,20260626_123633_daily_df.csv,./dashboard_data/snapshots/202606/20260626_123633_daily_df.csv,schedule
20260626123633554158,2026-06-26 12:36:33,次月統計報表,20260626_123633_next_month_daily_df.csv,./dashboard_data/snapshots/202606/20260626_123633_next_month_daily_df.csv,schedule
20260626123633567781,2026-06-26 12:36:33,業績報表,20260626_123633_meta.json,./dashboard_data/snapshots/202606/20260626_123633_meta.json,schedule
20260626123633581448,2026-06-26 12:36:33,業績報表,20260626_123633_email_preview.html,./dashboard_data/snapshots/202606/20260626_123633_email_preview.html,schedule
20260626202439363160,2026-06-26 20:24:39,業績報表,df4.csv,./dashboard_data/latest/df4.csv,schedule
20260626202439379576,2026-06-26 20:24:39,業績報表,daily_df.csv,./dashboard_data/latest/daily_df.csv,schedule
20260626202439395561,2026-06-26 20:24:39,次月統計報表,next_month_daily_df.csv,./dashboard_data/latest/next_month_daily_df.csv,schedule
20260626202439409306,2026-06-26 20:24:39,業績報表,email_preview.html,./dashboard_data/latest/email_preview.html,schedule
20260626202439423365,2026-06-26 20:24:39,業績報表,meta.json,./dashboard_data/latest/meta.json,schedule
20260626202439437912,2026-06-26 20:24:39,業績報表,20260626_202439_df4.csv,./dashboard_data/snapshots/202606/20260626_202439_df4.csv,schedule
20260626202439453971,2026-06-26 20:24:39,業績報表,20260626_202439_daily_df.csv,./dashboard_data/snapshots/202606/20260626_202439_daily_df.csv,schedule
20260626202439469748,2026-06-26 20:24:39,次月統計報表,20260626_202439_next_month_daily_df.csv,./dashboard_data/snapshots/202606/20260626_202439_next_month_daily_df.csv,schedule
20260626202439483458,2026-06-26 20:24:39,業績報表,20260626_202439_meta.json,./dashboard_data/snapshots/202606/20260626_202439_meta.json,schedule
20260626202439497485,2026-06-26 20:24:39,業績報表,20260626_202439_email_preview.html,./dashboard_data/snapshots/202606/20260626_202439_email_preview.html,schedule
20260627020405459877,2026-06-27 02:04:05,業績報表,df4.csv,./dashboard_data/latest/df4.csv,schedule
20260627020405477908,2026-06-27 02:04:05,業績報表,daily_df.csv,./dashboard_data/latest/daily_df.csv,schedule
20260627020405495625,2026-06-27 02:04:05,次月統計報表,next_month_daily_df.csv,./dashboard_data/latest/next_month_daily_df.csv,schedule
20260627020405511307,2026-06-27 02:04:05,業績報表,email_preview.html,./dashboard_data/latest/email_preview.html,schedule
20260627020405526788,2026-06-27 02:04:05,業績報表,meta.json,./dashboard_data/latest/meta.json,schedule
20260627020405542822,2026-06-27 02:04:05,業績報表,20260627_020405_df4.csv,./dashboard_data/snapshots/202606/20260627_020405_df4.csv,schedule
20260627020405560259,2026-06-27 02:04:05,業績報表,20260627_020405_daily_df.csv,./dashboard_data/snapshots/202606/20260627_020405_daily_df.csv,schedule
20260627020405577155,2026-06-27 02:04:05,次月統計報表,20260627_020405_next_month_daily_df.csv,./dashboard_data/snapshots/202606/20260627_020405_next_month_daily_df.csv,schedule
20260627020405591710,2026-06-27 02:04:05,業績報表,20260627_020405_meta.json,./dashboard_data/snapshots/202606/20260627_020405_meta.json,schedule
20260627020405606859,2026-06-27 02:04:05,業績報表,20260627_020405_email_preview.html,./dashboard_data/snapshots/202606/20260627_020405_email_preview.html,schedule
20260627121306845074,2026-06-27 12:13:06,業績報表,df4.csv,./dashboard_data/latest/df4.csv,schedule
20260627121306861504,2026-06-27 12:13:06,業績報表,daily_df.csv,./dashboard_data/latest/daily_df.csv,schedule
20260627121306877519,2026-06-27 12:13:06,次月統計報表,next_month_daily_df.csv,./dashboard_data/latest/next_month_daily_df.csv,schedule
20260627121306891443,2026-06-27 12:13:06,業績報表,email_preview.html,./dashboard_data/latest/email_preview.html,schedule
20260627121306905313,2026-06-27 12:13:06,業績報表,meta.json,./dashboard_data/latest/meta.json,schedule
20260627121306919455,2026-06-27 12:13:06,業績報表,20260627_121306_df4.csv,./dashboard_data/snapshots/202606/20260627_121306_df4.csv,schedule
20260627121306935407,2026-06-27 12:13:06,業績報表,20260627_121306_daily_df.csv,./dashboard_data/snapshots/202606/20260627_121306_daily_df.csv,schedule
20260627121306951269,2026-06-27 12:13:06,次月統計報表,20260627_121306_next_month_daily_df.csv,./dashboard_data/snapshots/202606/20260627_121306_next_month_daily_df.csv,schedule
20260627121306964921,2026-06-27 12:13:06,業績報表,20260627_121306_meta.json,./dashboard_data/snapshots/202606/20260627_121306_meta.json,schedule
20260627121306978806,2026-06-27 12:13:06,業績報表,20260627_121306_email_preview.html,./dashboard_data/snapshots/202606/20260627_121306_email_preview.html,schedule
20260627194449148735,2026-06-27 19:44:49,業績報表,df4.csv,./dashboard_data/latest/df4.csv,schedule
20260627194449165205,2026-06-27 19:44:49,業績報表,daily_df.csv,./dashboard_data/latest/daily_df.csv,schedule
20260627194449180770,2026-06-27 19:44:49,次月統計報表,next_month_daily_df.csv,./dashboard_data/latest/next_month_daily_df.csv,schedule
20260627194449194034,2026-06-27 19:44:49,業績報表,email_preview.html,./dashboard_data/latest/email_preview.html,schedule
20260627194449207515,2026-06-27 19:44:49,業績報表,meta.json,./dashboard_data/latest/meta.json,schedule
20260627194449221480,2026-06-27 19:44:49,業績報表,20260627_194449_df4.csv,./dashboard_data/snapshots/202606/20260627_194449_df4.csv,schedule
20260627194449237276,2026-06-27 19:44:49,業績報表,20260627_194449_daily_df.csv,./dashboard_data/snapshots/202606/20260627_194449_daily_df.csv,schedule
20260627194449252465,2026-06-27 19:44:49,次月統計報表,20260627_194449_next_month_daily_df.csv,./dashboard_data/snapshots/202606/20260627_194449_next_month_daily_df.csv,schedule
20260627194449265546,2026-06-27 19:44:49,業績報表,20260627_194449_meta.json,./dashboard_data/snapshots/202606/20260627_194449_meta.json,schedule
20260627194449278700,2026-06-27 19:44:49,業績報表,20260627_194449_email_preview.html,./dashboard_data/snapshots/202606/20260627_194449_email_preview.html,schedule
20260628013112366700,2026-06-28 01:31:12,業績報表,df4.csv,./dashboard_data/latest/df4.csv,schedule
20260628013112383185,2026-06-28 01:31:12,業績報表,daily_df.csv,./dashboard_data/latest/daily_df.csv,schedule
20260628013112399114,2026-06-28 01:31:12,次月統計報表,next_month_daily_df.csv,./dashboard_data/latest/next_month_daily_df.csv,schedule
20260628013112413168,2026-06-28 01:31:12,業績報表,email_preview.html,./dashboard_data/latest/email_preview.html,schedule
20260628013112426942,2026-06-28 01:31:12,業績報表,meta.json,./dashboard_data/latest/meta.json,schedule
20260628013112440901,2026-06-28 01:31:12,業績報表,20260628_013112_df4.csv,./dashboard_data/snapshots/202606/20260628_013112_df4.csv,schedule
20260628013112456925,2026-06-28 01:31:12,業績報表,20260628_013112_daily_df.csv,./dashboard_data/snapshots/202606/20260628_013112_daily_df.csv,schedule
20260628013112472130,2026-06-28 01:31:12,次月統計報表,20260628_013112_next_month_daily_df.csv,./dashboard_data/snapshots/202606/20260628_013112_next_month_daily_df.csv,schedule
20260628013112485619,2026-06-28 01:31:12,業績報表,20260628_013112_meta.json,./dashboard_data/snapshots/202606/20260628_013112_meta.json,schedule
20260628013112499285,2026-06-28 01:31:12,業績報表,20260628_013112_email_preview.html,./dashboard_data/snapshots/202606/20260628_013112_email_preview.html,schedule
20260628124630150793,2026-06-28 12:46:30,業績報表,df4.csv,./dashboard_data/latest/df4.csv,schedule
20260628124630167345,2026-06-28 12:46:30,業績報表,daily_df.csv,./dashboard_data/latest/daily_df.csv,schedule
20260628124630182886,2026-06-28 12:46:30,次月統計報表,next_month_daily_df.csv,./dashboard_data/latest/next_month_daily_df.csv,schedule
20260628124630196279,2026-06-28 12:46:30,業績報表,email_preview.html,./dashboard_data/latest/email_preview.html,schedule
20260628124630209778,2026-06-28 12:46:30,業績報表,meta.json,./dashboard_data/latest/meta.json,schedule
20260628124630223940,2026-06-28 12:46:30,業績報表,20260628_124630_df4.csv,./dashboard_data/snapshots/202606/20260628_124630_df4.csv,schedule
20260628124630239703,2026-06-28 12:46:30,業績報表,20260628_124630_daily_df.csv,./dashboard_data/snapshots/202606/20260628_124630_daily_df.csv,schedule
20260628124630255394,2026-06-28 12:46:30,次月統計報表,20260628_124630_next_month_daily_df.csv,./dashboard_data/snapshots/202606/20260628_124630_next_month_daily_df.csv,schedule
20260628124630268824,2026-06-28 12:46:30,業績報表,20260628_124630_meta.json,./dashboard_data/snapshots/202606/20260628_124630_meta.json,schedule
20260628124630282567,2026-06-28 12:46:30,業績報表,20260628_124630_email_preview.html,./dashboard_data/snapshots/202606/20260628_124630_email_preview.html,schedule
20260628195722364494,2026-06-28 19:57:22,業績報表,df4.csv,./dashboard_data/latest/df4.csv,schedule
20260628195722381520,2026-06-28 19:57:22,業績報表,daily_df.csv,./dashboard_data/latest/daily_df.csv,schedule
20260628195722398145,2026-06-28 19:57:22,次月統計報表,next_month_daily_df.csv,./dashboard_data/latest/next_month_daily_df.csv,schedule
20260628195722412469,2026-06-28 19:57:22,業績報表,email_preview.html,./dashboard_data/latest/email_preview.html,schedule
20260628195722426568,2026-06-28 19:57:22,業績報表,meta.json,./dashboard_data/latest/meta.json,schedule
20260628195722441510,2026-06-28 19:57:22,業績報表,20260628_195722_df4.csv,./dashboard_data/snapshots/202606/20260628_195722_df4.csv,schedule
20260628195722458190,2026-06-28 19:57:22,業績報表,20260628_195722_daily_df.csv,./dashboard_data/snapshots/202606/20260628_195722_daily_df.csv,schedule
20260628195722474445,2026-06-28 19:57:22,次月統計報表,20260628_195722_next_month_daily_df.csv,./dashboard_data/snapshots/202606/20260628_195722_next_month_daily_df.csv,schedule
20260628195722488748,2026-06-28 19:57:22,業績報表,20260628_195722_meta.json,./dashboard_data/snapshots/202606/20260628_195722_meta.json,schedule
20260628195722503861,2026-06-28 19:57:22,業績報表,20260628_195722_email_preview.html,./dashboard_data/snapshots/202606/20260628_195722_email_preview.html,schedule
20260629013615945038,2026-06-29 01:36:15,業績報表,df4.csv,./dashboard_data/latest/df4.csv,schedule
20260629013615960795,2026-06-29 01:36:15,業績報表,daily_df.csv,./dashboard_data/latest/daily_df.csv,schedule
20260629013615975298,2026-06-29 01:36:15,次月統計報表,next_month_daily_df.csv,./dashboard_data/latest/next_month_daily_df.csv,schedule
20260629013615987719,2026-06-29 01:36:15,業績報表,email_preview.html,./dashboard_data/latest/email_preview.html,schedule
20260629013616000134,2026-06-29 01:36:16,業績報表,meta.json,./dashboard_data/latest/meta.json,schedule
20260629013616012948,2026-06-29 01:36:16,業績報表,20260629_013615_df4.csv,./dashboard_data/snapshots/202606/20260629_013615_df4.csv,schedule
20260629013616027666,2026-06-29 01:36:16,業績報表,20260629_013615_daily_df.csv,./dashboard_data/snapshots/202606/20260629_013615_daily_df.csv,schedule
20260629013616041849,2026-06-29 01:36:16,次月統計報表,20260629_013615_next_month_daily_df.csv,./dashboard_data/snapshots/202606/20260629_013615_next_month_daily_df.csv,schedule
20260629013616054111,2026-06-29 01:36:16,業績報表,20260629_013615_meta.json,./dashboard_data/snapshots/202606/20260629_013615_meta.json,schedule
20260629013616066612,2026-06-29 01:36:16,業績報表,20260629_013615_email_preview.html,./dashboard_data/snapshots/202606/20260629_013615_email_preview.html,schedule
20260629125610604604,2026-06-29 12:56:10,業績報表,df4.csv,./dashboard_data/latest/df4.csv,schedule
20260629125610621295,2026-06-29 12:56:10,業績報表,daily_df.csv,./dashboard_data/latest/daily_df.csv,schedule
20260629125610637195,2026-06-29 12:56:10,次月統計報表,next_month_daily_df.csv,./dashboard_data/latest/next_month_daily_df.csv,schedule
20260629125610650676,2026-06-29 12:56:10,業績報表,email_preview.html,./dashboard_data/latest/email_preview.html,schedule
20260629125610664505,2026-06-29 12:56:10,業績報表,meta.json,./dashboard_data/latest/meta.json,schedule
20260629125610678934,2026-06-29 12:56:10,業績報表,20260629_125610_df4.csv,./dashboard_data/snapshots/202606/20260629_125610_df4.csv,schedule
20260629125610694835,2026-06-29 12:56:10,業績報表,20260629_125610_daily_df.csv,./dashboard_data/snapshots/202606/20260629_125610_daily_df.csv,schedule
20260629125610710475,2026-06-29 12:56:10,次月統計報表,20260629_125610_next_month_daily_df.csv,./dashboard_data/snapshots/202606/20260629_125610_next_month_daily_df.csv,schedule
20260629125610723863,2026-06-29 12:56:10,業績報表,20260629_125610_meta.json,./dashboard_data/snapshots/202606/20260629_125610_meta.json,schedule
20260629125610737292,2026-06-29 12:56:10,業績報表,20260629_125610_email_preview.html,./dashboard_data/snapshots/202606/20260629_125610_email_preview.html,schedule
